t	x	y	pressure	penup	azimuth	inclination	v_x	v_y
0.000000	87.170000	64.080000	282.000000	1.000000	88.000000	68.000000	0.000000	0.000000
0.010000	87.430000	64.930000	521.000000	0.000000	88.000000	68.000000	26.000000	85.000000
0.020000	87.430000	64.720000	634.000000	0.000000	88.000000	68.000000	0.000000	-21.000000
0.030000	87.430000	64.280000	754.000000	0.000000	88.000000	67.000000	0.000000	-44.000000
0.040000	87.350000	63.700000	867.000000	0.000000	88.000000	67.000000	-8.000000	-58.000000
0.050000	87.350000	62.240000	941.000000	0.000000	88.000000	67.000000	0.000000	-146.000000
0.060000	87.290000	61.100000	987.000000	0.000000	90.000000	67.000000	-6.000000	-114.000000
0.070000	87.450000	60.180000	1021.000000	0.000000	90.000000	66.000000	16.000000	-92.000000
0.080000	87.560000	59.320000	1023.000000	0.000000	90.000000	66.000000	11.000000	-86.000000
0.090000	87.630000	58.810000	991.000000	0.000000	90.000000	66.000000	7.000000	-51.000000
0.100000	87.810000	58.530000	867.000000	0.000000	90.000000	66.000000	18.000000	-28.000000
0.110000	87.910000	58.420000	591.000000	0.000000	88.000000	65.000000	10.000000	-11.000000
0.120000	87.910000	58.420000	0.000000	1.000000	88.000000	66.000000	0.000000	0.000000
0.130000	88.080000	59.100000	0.000000	0.000000	88.000000	66.000000	17.000000	68.000000
0.140000	87.970000	59.800000	0.000000	0.000000	88.000000	66.000000	-11.000000	70.000000
0.150000	87.700000	60.510000	0.000000	0.000000	88.000000	67.000000	-27.000000	71.000000
0.160000	87.420000	61.110000	0.000000	0.000000	88.000000	67.000000	-28.000000	60.000000
0.170000	87.300000	61.640000	0.000000	0.000000	88.000000	68.000000	-12.000000	53.000000
0.180000	87.300000	62.040000	0.000000	0.000000	87.000000	69.000000	0.000000	40.000000
0.190000	87.300000	62.350000	0.000000	0.000000	90.000000	69.000000	0.000000	31.000000
0.200000	87.180000	62.600000	0.000000	0.000000	90.000000	70.000000	-12.000000	25.000000
0.210000	87.070000	62.830000	0.000000	0.000000	90.000000	70.000000	-11.000000	23.000000
0.220000	86.860000	63.060000	0.000000	0.000000	90.000000	70.000000	-21.000000	23.000000
0.230000	86.570000	63.280000	0.000000	0.000000	90.000000	70.000000	-29.000000	22.000000
0.240000	86.230000	63.470000	0.000000	0.000000	90.000000	69.000000	-34.000000	19.000000
0.250000	85.790000	63.590000	0.000000	0.000000	90.000000	69.000000	-44.000000	12.000000
0.260000	85.250000	63.650000	0.000000	0.000000	90.000000	68.000000	-54.000000	6.000000
0.270000	85.250000	63.650000	348.000000	1.000000	90.000000	67.000000	0.000000	0.000000
0.280000	84.080000	63.710000	595.000000	0.000000	90.000000	67.000000	-117.000000	6.000000
0.290000	83.490000	63.710000	670.000000	0.000000	90.000000	66.000000	-59.000000	0.000000
0.300000	82.860000	63.870000	707.000000	0.000000	90.000000	66.000000	-63.000000	16.000000
0.310000	82.860000	64.130000	750.000000	0.000000	90.000000	66.000000	0.000000	26.000000
0.320000	83.230000	64.440000	797.000000	0.000000	90.000000	65.000000	37.000000	31.000000
0.330000	83.850000	64.950000	819.000000	0.000000	90.000000	65.000000	62.000000	51.000000
0.340000	85.040000	65.600000	849.000000	0.000000	90.000000	66.000000	119.000000	65.000000
0.350000	86.720000	66.180000	855.000000	0.000000	90.000000	66.000000	168.000000	58.000000
0.360000	88.720000	66.670000	863.000000	0.000000	90.000000	66.000000	200.000000	49.000000
0.370000	90.570000	66.670000	860.000000	0.000000	90.000000	66.000000	185.000000	0.000000
0.380000	92.120000	66.410000	873.000000	0.000000	90.000000	66.000000	155.000000	-26.000000
0.390000	93.470000	65.930000	923.000000	0.000000	90.000000	66.000000	135.000000	-48.000000
0.400000	94.100000	65.210000	990.000000	0.000000	90.000000	66.000000	63.000000	-72.000000
0.410000	94.100000	64.340000	1023.000000	0.000000	90.000000	66.000000	0.000000	-87.000000
0.420000	93.620000	63.340000	1023.000000	0.000000	90.000000	66.000000	-48.000000	-100.000000
0.430000	92.620000	62.450000	1023.000000	0.000000	90.000000	66.000000	-100.000000	-89.000000
0.440000	91.290000	61.630000	1023.000000	0.000000	90.000000	66.000000	-133.000000	-82.000000
0.450000	89.750000	60.800000	1023.000000	0.000000	90.000000	67.000000	-154.000000	-83.000000
0.460000	88.090000	60.030000	1023.000000	0.000000	90.000000	67.000000	-166.000000	-77.000000
0.470000	86.670000	59.580000	1023.000000	0.000000	90.000000	67.000000	-142.000000	-45.000000
0.480000	86.020000	59.340000	1023.000000	0.000000	90.000000	68.000000	-65.000000	-24.000000
0.490000	85.810000	59.340000	854.000000	0.000000	90.000000	68.000000	-21.000000	0.000000
0.500000	86.060000	59.500000	376.000000	0.000000	90.000000	68.000000	25.000000	16.000000
0.510000	86.060000	59.500000	0.000000	1.000000	90.000000	68.000000	0.000000	0.000000
0.520000	87.890000	59.790000	0.000000	0.000000	90.000000	68.000000	183.000000	29.000000
0.530000	88.940000	59.870000	0.000000	0.000000	90.000000	68.000000	105.000000	8.000000
0.540000	90.010000	59.870000	0.000000	0.000000	90.000000	68.000000	107.000000	0.000000
0.550000	91.090000	60.060000	0.000000	0.000000	90.000000	67.000000	108.000000	19.000000
0.560000	92.620000	60.330000	0.000000	0.000000	90.000000	66.000000	153.000000	27.000000
0.570000	94.380000	60.770000	0.000000	0.000000	90.000000	66.000000	176.000000	44.000000
0.580000	96.300000	61.120000	0.000000	0.000000	88.000000	65.000000	192.000000	35.000000
0.590000	98.000000	61.410000	0.000000	0.000000	88.000000	65.000000	170.000000	29.000000
0.600000	99.370000	61.630000	0.000000	0.000000	88.000000	65.000000	137.000000	22.000000
0.610000	100.530000	61.760000	0.000000	0.000000	88.000000	65.000000	116.000000	13.000000
0.620000	101.160000	61.830000	0.000000	0.000000	88.000000	65.000000	63.000000	7.000000
0.630000	101.160000	61.830000	0.000000	0.000000	88.000000	64.000000	0.000000	0.000000
0.640000	100.790000	61.830000	0.000000	0.000000	88.000000	64.000000	-37.000000	0.000000
0.650000	100.290000	61.830000	0.000000	0.000000	88.000000	64.000000	-50.000000	0.000000
0.660000	99.670000	61.830000	0.000000	0.000000	90.000000	63.000000	-62.000000	0.000000
0.670000	98.970000	61.830000	0.000000	0.000000	90.000000	63.000000	-70.000000	0.000000
0.680000	98.190000	61.830000	0.000000	0.000000	90.000000	63.000000	-78.000000	0.000000
0.690000	97.410000	61.770000	0.000000	0.000000	90.000000	63.000000	-78.000000	-6.000000
0.700000	96.620000	61.770000	0.000000	0.000000	90.000000	63.000000	-79.000000	0.000000
0.710000	95.840000	61.720000	0.000000	0.000000	90.000000	64.000000	-78.000000	-5.000000
0.720000	95.080000	61.720000	0.000000	0.000000	90.000000	64.000000	-76.000000	0.000000
0.730000	94.430000	61.720000	0.000000	0.000000	90.000000	65.000000	-65.000000	0.000000
0.740000	93.840000	61.720000	0.000000	0.000000	90.000000	65.000000	-59.000000	0.000000
0.750000	93.400000	61.620000	0.000000	0.000000	92.000000	65.000000	-44.000000	-10.000000
0.760000	93.120000	61.530000	0.000000	0.000000	92.000000	65.000000	-28.000000	-9.000000
0.770000	92.950000	61.440000	0.000000	0.000000	92.000000	65.000000	-17.000000	-9.000000
0.780000	92.950000	61.440000	0.000000	0.000000	92.000000	65.000000	0.000000	0.000000
0.790000	92.950000	61.440000	0.000000	0.000000	92.000000	65.000000	0.000000	0.000000
0.800000	92.950000	61.440000	0.000000	0.000000	92.000000	65.000000	0.000000	0.000000
0.810000	92.950000	61.440000	0.000000	0.000000	92.000000	65.000000	0.000000	0.000000
0.820000	93.200000	61.750000	0.000000	0.000000	92.000000	66.000000	25.000000	31.000000
0.830000	93.490000	62.000000	0.000000	0.000000	92.000000	66.000000	29.000000	25.000000
0.840000	93.840000	62.300000	0.000000	0.000000	92.000000	66.000000	35.000000	30.000000
0.850000	94.180000	62.640000	0.000000	0.000000	92.000000	66.000000	34.000000	34.000000
0.860000	94.180000	62.640000	149.000000	1.000000	92.000000	65.000000	0.000000	0.000000
0.870000	94.490000	63.240000	339.000000	0.000000	92.000000	65.000000	31.000000	60.000000
0.880000	94.270000	63.440000	468.000000	0.000000	92.000000	65.000000	-22.000000	20.000000
0.890000	93.910000	63.580000	570.000000	0.000000	92.000000	65.000000	-36.000000	14.000000
0.900000	93.450000	63.500000	661.000000	0.000000	92.000000	65.000000	-46.000000	-8.000000
0.910000	92.830000	63.290000	700.000000	0.000000	92.000000	65.000000	-62.000000	-21.000000
0.920000	92.220000	62.800000	737.000000	0.000000	92.000000	65.000000	-61.000000	-49.000000
0.930000	91.830000	62.260000	824.000000	0.000000	92.000000	65.000000	-39.000000	-54.000000
0.940000	91.570000	61.640000	845.000000	0.000000	92.000000	64.000000	-26.000000	-62.000000
0.950000	91.570000	61.120000	846.000000	0.000000	92.000000	64.000000	0.000000	-52.000000
0.960000	91.820000	60.680000	855.000000	0.000000	92.000000	64.000000	25.000000	-44.000000
0.970000	92.200000	60.500000	855.000000	0.000000	92.000000	65.000000	38.000000	-18.000000
0.980000	92.780000	60.500000	849.000000	0.000000	92.000000	65.000000	58.000000	0.000000
0.990000	93.360000	60.590000	849.000000	0.000000	92.000000	65.000000	58.000000	9.000000
1.000000	93.940000	60.930000	845.000000	0.000000	92.000000	65.000000	58.000000	34.000000
1.010000	94.310000	61.260000	846.000000	0.000000	92.000000	66.000000	37.000000	33.000000
1.020000	94.550000	61.590000	846.000000	0.000000	92.000000	66.000000	24.000000	33.000000
1.030000	94.600000	61.950000	845.000000	0.000000	92.000000	66.000000	5.000000	36.000000
1.040000	94.520000	62.330000	851.000000	0.000000	92.000000	66.000000	-8.000000	38.000000
1.050000	94.350000	62.330000	846.000000	0.000000	92.000000	66.000000	-17.000000	0.000000
1.060000	94.350000	62.280000	845.000000	0.000000	92.000000	67.000000	0.000000	-5.000000
1.070000	94.470000	62.060000	840.000000	0.000000	92.000000	67.000000	12.000000	-22.000000
1.080000	94.640000	61.730000	828.000000	0.000000	92.000000	67.000000	17.000000	-33.000000
1.090000	94.910000	61.490000	759.000000	0.000000	92.000000	67.000000	27.000000	-24.000000
1.100000	95.230000	61.340000	616.000000	0.000000	92.000000	67.000000	32.000000	-15.000000
1.110000	95.580000	61.260000	255.000000	0.000000	92.000000	67.000000	35.000000	-8.000000
1.120000	95.580000	61.260000	0.000000	1.000000	92.000000	67.000000	0.000000	0.000000
1.130000	96.080000	61.460000	0.000000	0.000000	92.000000	67.000000	50.000000	20.000000
1.140000	96.140000	61.660000	0.000000	0.000000	92.000000	67.000000	6.000000	20.000000
1.150000	96.140000	61.850000	0.000000	0.000000	92.000000	67.000000	0.000000	19.000000
1.160000	96.010000	62.030000	0.000000	0.000000	90.000000	67.000000	-13.000000	18.000000
1.170000	95.870000	62.200000	0.000000	0.000000	90.000000	67.000000	-14.000000	17.000000
1.180000	95.810000	62.350000	0.000000	0.000000	90.000000	66.000000	-6.000000	15.000000
1.190000	95.760000	62.530000	0.000000	0.000000	90.000000	66.000000	-5.000000	18.000000
1.200000	95.760000	62.740000	0.000000	0.000000	90.000000	66.000000	0.000000	21.000000
1.210000	95.760000	62.740000	212.000000	1.000000	90.000000	65.000000	0.000000	0.000000
1.220000	95.760000	62.740000	359.000000	0.000000	90.000000	65.000000	0.000000	0.000000
1.230000	95.760000	62.740000	465.000000	0.000000	90.000000	65.000000	0.000000	0.000000
1.240000	95.760000	62.740000	557.000000	0.000000	90.000000	65.000000	0.000000	0.000000
1.250000	96.210000	62.420000	638.000000	0.000000	90.000000	65.000000	45.000000	-32.000000
1.260000	96.440000	62.260000	669.000000	0.000000	90.000000	66.000000	23.000000	-16.000000
1.270000	96.680000	62.120000	708.000000	0.000000	90.000000	66.000000	24.000000	-14.000000
1.280000	96.920000	62.120000	736.000000	0.000000	90.000000	66.000000	24.000000	0.000000
1.290000	97.070000	62.120000	765.000000	0.000000	92.000000	67.000000	15.000000	0.000000
1.300000	97.150000	62.260000	784.000000	0.000000	92.000000	67.000000	8.000000	14.000000
1.310000	97.210000	62.470000	788.000000	0.000000	92.000000	67.000000	6.000000	21.000000
1.320000	97.210000	62.730000	782.000000	0.000000	92.000000	67.000000	0.000000	26.000000
1.330000	97.210000	63.030000	751.000000	0.000000	92.000000	67.000000	0.000000	30.000000
1.340000	97.300000	63.360000	730.000000	0.000000	92.000000	67.000000	9.000000	33.000000
1.350000	97.300000	63.360000	641.000000	0.000000	92.000000	67.000000	0.000000	0.000000
1.360000	97.300000	63.360000	423.000000	0.000000	92.000000	67.000000	0.000000	0.000000
1.370000	97.300000	63.360000	0.000000	1.000000	92.000000	67.000000	0.000000	0.000000
1.380000	97.300000	63.360000	0.000000	0.000000	92.000000	66.000000	0.000000	0.000000
1.390000	97.300000	63.360000	0.000000	0.000000	90.000000	66.000000	0.000000	0.000000
1.400000	97.300000	63.360000	0.000000	0.000000	90.000000	67.000000	0.000000	0.000000
1.410000	97.300000	63.360000	0.000000	0.000000	90.000000	67.000000	0.000000	0.000000
1.420000	97.700000	63.300000	0.000000	0.000000	90.000000	67.000000	40.000000	-6.000000
1.430000	97.870000	63.300000	0.000000	0.000000	90.000000	68.000000	17.000000	0.000000
1.440000	98.040000	63.300000	0.000000	0.000000	90.000000	68.000000	17.000000	0.000000
1.450000	98.200000	63.300000	0.000000	0.000000	90.000000	69.000000	16.000000	0.000000
1.460000	98.300000	63.300000	0.000000	0.000000	90.000000	70.000000	10.000000	0.000000
1.470000	98.410000	63.300000	0.000000	0.000000	90.000000	70.000000	11.000000	0.000000
1.480000	98.530000	63.190000	0.000000	0.000000	90.000000	70.000000	12.000000	-11.000000
1.490000	98.530000	63.190000	351.000000	1.000000	90.000000	70.000000	0.000000	0.000000
1.500000	98.650000	62.800000	409.000000	0.000000	90.000000	70.000000	12.000000	-39.000000
1.510000	98.650000	62.550000	423.000000	0.000000	90.000000	69.000000	0.000000	-25.000000
1.520000	98.720000	62.360000	417.000000	0.000000	90.000000	69.000000	7.000000	-19.000000
1.530000	98.770000	62.220000	287.000000	0.000000	90.000000	69.000000	5.000000	-14.000000
1.540000	98.770000	62.220000	0.000000	1.000000	90.000000	68.000000	0.000000	0.000000
1.550000	98.820000	62.130000	0.000000	0.000000	90.000000	68.000000	5.000000	-9.000000
1.560000	98.720000	62.260000	0.000000	0.000000	90.000000	68.000000	-10.000000	13.000000
1.570000	98.550000	62.430000	0.000000	0.000000	90.000000	68.000000	-17.000000	17.000000
1.580000	98.320000	62.670000	0.000000	0.000000	90.000000	68.000000	-23.000000	24.000000
1.590000	98.180000	62.970000	0.000000	0.000000	90.000000	68.000000	-14.000000	30.000000
1.600000	98.070000	63.380000	0.000000	0.000000	90.000000	68.000000	-11.000000	41.000000
1.610000	98.070000	63.770000	0.000000	0.000000	90.000000	69.000000	0.000000	39.000000
1.620000	98.070000	64.160000	0.000000	0.000000	90.000000	69.000000	0.000000	39.000000
1.630000	98.070000	64.160000	439.000000	1.000000	90.000000	69.000000	0.000000	0.000000
1.640000	98.070000	64.160000	537.000000	0.000000	90.000000	69.000000	0.000000	0.000000
1.650000	98.070000	64.160000	513.000000	0.000000	90.000000	69.000000	0.000000	0.000000
1.660000	98.070000	64.160000	456.000000	0.000000	90.000000	68.000000	0.000000	0.000000
1.670000	98.070000	64.160000	257.000000	0.000000	90.000000	68.000000	0.000000	0.000000
1.680000	98.070000	64.160000	0.000000	1.000000	90.000000	68.000000	0.000000	0.000000
1.690000	98.380000	64.160000	0.000000	0.000000	90.000000	68.000000	31.000000	0.000000
1.700000	98.650000	64.080000	0.000000	0.000000	90.000000	67.000000	27.000000	-8.000000
1.710000	98.950000	64.080000	0.000000	0.000000	90.000000	67.000000	30.000000	0.000000
1.720000	99.370000	64.130000	0.000000	0.000000	90.000000	67.000000	42.000000	5.000000
1.730000	99.880000	64.130000	0.000000	0.000000	90.000000	67.000000	51.000000	0.000000
1.740000	100.340000	64.210000	0.000000	0.000000	90.000000	67.000000	46.000000	8.000000
1.750000	100.800000	64.270000	0.000000	0.000000	90.000000	66.000000	46.000000	6.000000
1.760000	101.200000	64.350000	0.000000	0.000000	92.000000	66.000000	40.000000	8.000000
1.770000	101.570000	64.460000	0.000000	0.000000	92.000000	65.000000	37.000000	11.000000
1.780000	101.780000	64.580000	0.000000	0.000000	92.000000	65.000000	21.000000	12.000000
1.790000	101.900000	64.730000	0.000000	0.000000	92.000000	64.000000	12.000000	15.000000
1.800000	101.900000	64.730000	413.000000	1.000000	92.000000	64.000000	0.000000	0.000000
1.810000	101.820000	64.990000	502.000000	0.000000	92.000000	64.000000	-8.000000	26.000000
1.820000	101.480000	64.990000	570.000000	0.000000	90.000000	64.000000	-34.000000	0.000000
1.830000	101.000000	64.940000	667.000000	0.000000	90.000000	64.000000	-48.000000	-5.000000
1.840000	100.580000	64.600000	722.000000	0.000000	90.000000	64.000000	-42.000000	-34.000000
1.850000	100.230000	64.100000	762.000000	0.000000	90.000000	64.000000	-35.000000	-50.000000
1.860000	99.920000	63.560000	791.000000	0.000000	90.000000	64.000000	-31.000000	-54.000000
1.870000	99.980000	63.050000	796.000000	0.000000	90.000000	64.000000	6.000000	-51.000000
1.880000	100.090000	62.750000	808.000000	0.000000	90.000000	64.000000	11.000000	-30.000000
1.890000	100.380000	62.570000	805.000000	0.000000	90.000000	64.000000	29.000000	-18.000000
1.900000	100.760000	62.620000	802.000000	0.000000	90.000000	64.000000	38.000000	5.000000
1.910000	101.200000	62.930000	796.000000	0.000000	90.000000	64.000000	44.000000	31.000000
1.920000	101.640000	63.420000	777.000000	0.000000	90.000000	64.000000	44.000000	49.000000
1.930000	102.050000	64.060000	754.000000	0.000000	90.000000	64.000000	41.000000	64.000000
1.940000	102.270000	64.750000	731.000000	0.000000	90.000000	64.000000	22.000000	69.000000
1.950000	102.370000	65.480000	690.000000	0.000000	90.000000	64.000000	10.000000	73.000000
1.960000	102.220000	66.290000	682.000000	0.000000	90.000000	64.000000	-15.000000	81.000000
1.970000	101.980000	66.840000	696.000000	0.000000	90.000000	64.000000	-24.000000	55.000000
1.980000	101.690000	67.210000	733.000000	0.000000	90.000000	64.000000	-29.000000	37.000000
1.990000	101.590000	66.920000	759.000000	0.000000	90.000000	64.000000	-10.000000	-29.000000
2.000000	101.500000	66.180000	867.000000	0.000000	90.000000	64.000000	-9.000000	-74.000000
2.010000	101.610000	65.150000	950.000000	0.000000	90.000000	64.000000	11.000000	-103.000000
2.020000	101.840000	64.260000	959.000000	0.000000	90.000000	64.000000	23.000000	-89.000000
2.030000	102.180000	63.550000	940.000000	0.000000	90.000000	64.000000	34.000000	-71.000000
2.040000	102.540000	62.970000	867.000000	0.000000	90.000000	64.000000	36.000000	-58.000000
2.050000	102.920000	62.760000	597.000000	0.000000	90.000000	64.000000	38.000000	-21.000000
2.060000	102.920000	62.760000	0.000000	1.000000	90.000000	65.000000	0.000000	0.000000
2.070000	103.910000	63.000000	0.000000	0.000000	90.000000	65.000000	99.000000	24.000000
2.080000	104.320000	63.380000	0.000000	0.000000	90.000000	65.000000	41.000000	38.000000
2.090000	104.440000	63.720000	0.000000	0.000000	90.000000	65.000000	12.000000	34.000000
2.100000	104.580000	64.000000	0.000000	0.000000	90.000000	65.000000	14.000000	28.000000
2.110000	104.710000	64.120000	0.000000	0.000000	90.000000	65.000000	13.000000	12.000000
2.120000	104.760000	64.120000	0.000000	0.000000	90.000000	64.000000	5.000000	0.000000
2.130000	104.760000	64.050000	0.000000	0.000000	92.000000	64.000000	0.000000	-7.000000
2.140000	104.680000	63.930000	0.000000	0.000000	92.000000	64.000000	-8.000000	-12.000000
2.150000	104.680000	63.810000	0.000000	0.000000	92.000000	63.000000	0.000000	-12.000000
2.160000	104.680000	63.760000	0.000000	0.000000	92.000000	63.000000	0.000000	-5.000000
2.170000	104.680000	63.760000	696.000000	1.000000	92.000000	63.000000	0.000000	0.000000
2.180000	104.680000	63.760000	760.000000	0.000000	92.000000	63.000000	0.000000	0.000000
2.190000	104.680000	63.760000	754.000000	0.000000	92.000000	64.000000	0.000000	0.000000
2.200000	104.680000	63.760000	670.000000	0.000000	90.000000	64.000000	0.000000	0.000000
2.210000	104.540000	64.010000	297.000000	0.000000	90.000000	64.000000	-14.000000	25.000000
2.220000	104.540000	64.010000	0.000000	1.000000	90.000000	65.000000	0.000000	0.000000
2.230000	104.830000	64.310000	0.000000	0.000000	90.000000	65.000000	29.000000	30.000000
2.240000	104.960000	64.570000	0.000000	0.000000	90.000000	65.000000	13.000000	26.000000
2.250000	105.240000	64.910000	0.000000	0.000000	92.000000	65.000000	28.000000	34.000000
2.260000	105.630000	65.310000	0.000000	0.000000	92.000000	65.000000	39.000000	40.000000
2.270000	106.690000	65.690000	0.000000	0.000000	94.000000	65.000000	106.000000	38.000000
2.280000	107.960000	66.070000	0.000000	0.000000	96.000000	65.000000	127.000000	38.000000
2.290000	109.360000	66.460000	0.000000	0.000000	100.000000	64.000000	140.000000	39.000000
2.300000	111.380000	66.690000	0.000000	0.000000	104.000000	62.000000	202.000000	23.000000
2.310000	113.030000	66.900000	0.000000	0.000000	106.000000	60.000000	165.000000	21.000000
2.320000	114.440000	66.950000	0.000000	0.000000	107.000000	59.000000	141.000000	5.000000
2.330000	115.340000	66.950000	0.000000	0.000000	109.000000	57.000000	90.000000	0.000000
2.340000	115.660000	66.820000	0.000000	0.000000	110.000000	55.000000	32.000000	-13.000000
2.350000	115.580000	66.900000	0.000000	0.000000	109.000000	55.000000	-8.000000	8.000000
2.360000	115.220000	67.100000	0.000000	0.000000	108.000000	54.000000	-36.000000	20.000000
2.370000	114.710000	67.270000	0.000000	0.000000	108.000000	53.000000	-51.000000	17.000000
2.380000	114.090000	67.420000	0.000000	0.000000	108.000000	53.000000	-62.000000	15.000000
2.390000	113.330000	67.520000	0.000000	0.000000	106.000000	53.000000	-76.000000	10.000000
2.400000	112.520000	67.520000	0.000000	0.000000	107.000000	54.000000	-81.000000	0.000000
2.410000	111.670000	67.680000	0.000000	0.000000	106.000000	54.000000	-85.000000	16.000000
2.420000	110.920000	67.840000	0.000000	0.000000	106.000000	54.000000	-75.000000	16.000000
2.430000	110.190000	68.030000	0.000000	0.000000	105.000000	55.000000	-73.000000	19.000000
2.440000	109.550000	68.200000	0.000000	0.000000	105.000000	56.000000	-64.000000	17.000000
2.450000	109.220000	68.320000	0.000000	0.000000	106.000000	58.000000	-33.000000	12.000000
2.460000	109.040000	68.410000	0.000000	0.000000	107.000000	59.000000	-18.000000	9.000000
2.470000	109.040000	68.410000	0.000000	0.000000	108.000000	61.000000	0.000000	0.000000
2.480000	108.990000	68.410000	0.000000	0.000000	110.000000	63.000000	-5.000000	0.000000
2.490000	108.990000	68.410000	0.000000	0.000000	111.000000	64.000000	0.000000	0.000000
2.500000	108.890000	68.340000	0.000000	0.000000	113.000000	65.000000	-10.000000	-7.000000
2.510000	108.760000	68.340000	0.000000	0.000000	114.000000	66.000000	-13.000000	0.000000
2.520000	108.670000	68.340000	0.000000	0.000000	115.000000	67.000000	-9.000000	0.000000
2.530000	108.580000	68.430000	0.000000	0.000000	112.000000	67.000000	-9.000000	9.000000
2.540000	108.480000	68.530000	0.000000	0.000000	112.000000	67.000000	-10.000000	10.000000
2.550000	108.380000	68.650000	0.000000	0.000000	112.000000	67.000000	-10.000000	12.000000
2.560000	108.140000	68.770000	0.000000	0.000000	110.000000	68.000000	-24.000000	12.000000
2.570000	107.830000	68.880000	0.000000	0.000000	108.000000	68.000000	-31.000000	11.000000
2.580000	107.480000	68.970000	0.000000	0.000000	105.000000	68.000000	-35.000000	9.000000
2.590000	107.110000	68.970000	0.000000	0.000000	102.000000	68.000000	-37.000000	0.000000
2.600000	107.110000	68.970000	475.000000	1.000000	100.000000	68.000000	0.000000	0.000000
2.610000	106.360000	68.790000	522.000000	0.000000	100.000000	68.000000	-75.000000	-18.000000
2.620000	106.030000	68.660000	518.000000	0.000000	97.000000	68.000000	-33.000000	-13.000000
2.630000	106.030000	68.460000	533.000000	0.000000	97.000000	68.000000	0.000000	-20.000000
2.640000	106.330000	68.250000	584.000000	0.000000	97.000000	68.000000	30.000000	-21.000000
2.650000	106.950000	68.070000	616.000000	0.000000	97.000000	67.000000	62.000000	-18.000000
2.660000	108.000000	68.070000	633.000000	0.000000	97.000000	67.000000	105.000000	0.000000
2.670000	109.340000	68.360000	647.000000	0.000000	97.000000	67.000000	134.000000	29.000000
2.680000	111.100000	68.750000	641.000000	0.000000	97.000000	66.000000	176.000000	39.000000
2.690000	112.640000	69.280000	640.000000	0.000000	97.000000	66.000000	154.000000	53.000000
2.700000	114.020000	69.800000	647.000000	0.000000	96.000000	65.000000	138.000000	52.000000
2.710000	114.820000	70.330000	646.000000	0.000000	96.000000	65.000000	80.000000	53.000000
2.720000	115.080000	70.860000	673.000000	0.000000	96.000000	65.000000	26.000000	53.000000
2.730000	114.990000	71.450000	687.000000	0.000000	98.000000	64.000000	-9.000000	59.000000
2.740000	114.440000	72.080000	720.000000	0.000000	98.000000	64.000000	-55.000000	63.000000
2.750000	113.520000	72.750000	758.000000	0.000000	100.000000	64.000000	-92.000000	67.000000
2.760000	112.350000	72.980000	784.000000	0.000000	102.000000	63.000000	-117.000000	23.000000
2.770000	110.820000	72.980000	826.000000	0.000000	102.000000	63.000000	-153.000000	0.000000
2.780000	109.190000	72.780000	891.000000	0.000000	104.000000	63.000000	-163.000000	-20.000000
2.790000	107.480000	72.250000	932.000000	0.000000	104.000000	63.000000	-171.000000	-53.000000
2.800000	106.220000	71.690000	977.000000	0.000000	104.000000	63.000000	-126.000000	-56.000000
2.810000	105.560000	71.050000	981.000000	0.000000	107.000000	64.000000	-66.000000	-64.000000
2.820000	105.290000	70.420000	991.000000	0.000000	108.000000	65.000000	-27.000000	-63.000000
2.830000	105.600000	69.790000	986.000000	0.000000	108.000000	66.000000	31.000000	-63.000000
2.840000	106.320000	69.140000	988.000000	0.000000	106.000000	66.000000	72.000000	-65.000000
2.850000	107.320000	68.470000	991.000000	0.000000	107.000000	67.000000	100.000000	-67.000000
2.860000	108.740000	67.950000	978.000000	0.000000	105.000000	68.000000	142.000000	-52.000000
2.870000	110.340000	67.540000	997.000000	0.000000	105.000000	68.000000	160.000000	-41.000000
2.880000	112.060000	67.170000	991.000000	0.000000	103.000000	69.000000	172.000000	-37.000000
2.890000	113.250000	66.860000	991.000000	0.000000	100.000000	69.000000	119.000000	-31.000000
2.900000	113.790000	66.600000	1000.000000	0.000000	100.000000	69.000000	54.000000	-26.000000
2.910000	113.890000	66.400000	1023.000000	0.000000	98.000000	69.000000	10.000000	-20.000000
2.920000	113.340000	66.170000	1023.000000	0.000000	98.000000	69.000000	-55.000000	-23.000000
2.930000	112.130000	65.870000	1023.000000	0.000000	95.000000	69.000000	-121.000000	-30.000000
2.940000	110.480000	65.560000	1023.000000	0.000000	95.000000	69.000000	-165.000000	-31.000000
2.950000	108.630000	65.240000	1023.000000	0.000000	95.000000	69.000000	-185.000000	-32.000000
2.960000	106.820000	64.940000	1023.000000	0.000000	95.000000	69.000000	-181.000000	-30.000000
2.970000	105.570000	64.620000	1023.000000	0.000000	93.000000	69.000000	-125.000000	-32.000000
2.980000	104.660000	64.450000	828.000000	0.000000	93.000000	69.000000	-91.000000	-17.000000
2.990000	104.660000	64.450000	0.000000	1.000000	93.000000	69.000000	0.000000	0.000000
3.000000	105.020000	64.370000	0.000000	0.000000	93.000000	69.000000	36.000000	-8.000000
3.010000	105.910000	64.580000	0.000000	0.000000	93.000000	69.000000	89.000000	21.000000
3.020000	106.950000	64.960000	0.000000	0.000000	92.000000	68.000000	104.000000	38.000000
3.030000	108.340000	65.530000	0.000000	0.000000	95.000000	68.000000	139.000000	57.000000
3.040000	109.970000	66.080000	0.000000	0.000000	97.000000	68.000000	163.000000	55.000000
3.050000	111.950000	66.580000	0.000000	0.000000	99.000000	67.000000	198.000000	50.000000
3.060000	113.550000	66.880000	0.000000	0.000000	101.000000	66.000000	160.000000	30.000000
3.070000	114.900000	67.040000	0.000000	0.000000	105.000000	64.000000	135.000000	16.000000
3.080000	115.610000	67.100000	0.000000	0.000000	108.000000	63.000000	71.000000	6.000000
3.090000	115.970000	66.990000	0.000000	0.000000	109.000000	62.000000	36.000000	-11.000000
3.100000	115.970000	66.990000	1023.000000	1.000000	108.000000	61.000000	0.000000	0.000000
3.110000	116.180000	66.480000	1023.000000	0.000000	108.000000	60.000000	21.000000	-51.000000
3.120000	116.070000	66.410000	1023.000000	0.000000	108.000000	60.000000	-11.000000	-7.000000
3.130000	115.830000	66.490000	930.000000	0.000000	107.000000	61.000000	-24.000000	8.000000
3.140000	115.990000	66.490000	731.000000	0.000000	105.000000	62.000000	16.000000	0.000000
3.150000	116.060000	66.490000	139.000000	0.000000	102.000000	63.000000	7.000000	0.000000
3.160000	116.060000	66.490000	0.000000	1.000000	101.000000	65.000000	0.000000	0.000000
3.170000	115.750000	66.490000	0.000000	0.000000	99.000000	66.000000	-31.000000	0.000000
3.180000	115.090000	66.440000	0.000000	0.000000	99.000000	67.000000	-66.000000	-5.000000
3.190000	114.190000	66.320000	0.000000	0.000000	99.000000	67.000000	-90.000000	-12.000000
3.200000	113.120000	66.000000	0.000000	0.000000	99.000000	66.000000	-107.000000	-32.000000
3.210000	111.910000	65.570000	0.000000	0.000000	101.000000	66.000000	-121.000000	-43.000000
3.220000	110.710000	65.180000	0.000000	0.000000	101.000000	66.000000	-120.000000	-39.000000
3.230000	109.530000	64.820000	0.000000	0.000000	101.000000	65.000000	-118.000000	-36.000000
3.240000	108.340000	64.490000	0.000000	0.000000	103.000000	64.000000	-119.000000	-33.000000
3.250000	107.160000	64.130000	0.000000	0.000000	107.000000	64.000000	-118.000000	-36.000000
3.260000	106.010000	63.670000	0.000000	0.000000	111.000000	64.000000	-115.000000	-46.000000
3.270000	105.030000	63.140000	0.000000	0.000000	114.000000	62.000000	-98.000000	-53.000000
3.280000	104.160000	62.570000	0.000000	0.000000	112.000000	62.000000	-87.000000	-57.000000
3.290000	103.280000	62.150000	0.000000	0.000000	109.000000	62.000000	-88.000000	-42.000000
3.300000	102.340000	61.840000	0.000000	0.000000	109.000000	62.000000	-94.000000	-31.000000
3.310000	101.330000	61.550000	0.000000	0.000000	107.000000	61.000000	-101.000000	-29.000000
3.320000	100.290000	61.420000	0.000000	0.000000	102.000000	60.000000	-104.000000	-13.000000
3.330000	99.390000	61.420000	0.000000	0.000000	100.000000	60.000000	-90.000000	0.000000
3.340000	98.510000	61.420000	0.000000	0.000000	97.000000	59.000000	-88.000000	0.000000
3.350000	97.520000	61.490000	0.000000	0.000000	93.000000	60.000000	-99.000000	7.000000
3.360000	96.450000	61.560000	0.000000	0.000000	94.000000	61.000000	-107.000000	7.000000
3.370000	95.910000	61.650000	0.000000	0.000000	92.000000	63.000000	-54.000000	9.000000
3.380000	95.380000	61.710000	0.000000	0.000000	92.000000	64.000000	-53.000000	6.000000
3.390000	94.860000	61.710000	0.000000	0.000000	92.000000	65.000000	-52.000000	0.000000
3.400000	94.740000	61.710000	0.000000	0.000000	95.000000	67.000000	-12.000000	0.000000
3.410000	94.630000	61.640000	0.000000	0.000000	95.000000	67.000000	-11.000000	-7.000000
3.420000	94.440000	61.640000	0.000000	0.000000	95.000000	67.000000	-19.000000	0.000000
3.430000	94.180000	61.640000	0.000000	0.000000	95.000000	67.000000	-26.000000	0.000000
3.440000	94.050000	61.640000	0.000000	0.000000	97.000000	67.000000	-13.000000	0.000000
3.450000	93.960000	61.640000	0.000000	0.000000	97.000000	66.000000	-9.000000	0.000000
3.460000	93.960000	61.640000	0.000000	0.000000	97.000000	66.000000	0.000000	0.000000
3.470000	93.960000	61.640000	0.000000	0.000000	97.000000	66.000000	0.000000	0.000000
3.480000	93.960000	61.640000	0.000000	0.000000	97.000000	66.000000	0.000000	0.000000
3.490000	93.840000	61.250000	0.000000	0.000000	97.000000	66.000000	-12.000000	-39.000000
3.500000	93.510000	61.040000	0.000000	0.000000	97.000000	66.000000	-33.000000	-21.000000
3.510000	93.040000	60.780000	0.000000	0.000000	97.000000	66.000000	-47.000000	-26.000000
3.520000	92.300000	60.490000	0.000000	0.000000	97.000000	66.000000	-74.000000	-29.000000
3.530000	91.440000	60.210000	0.000000	0.000000	94.000000	66.000000	-86.000000	-28.000000
3.540000	90.500000	59.830000	0.000000	0.000000	94.000000	66.000000	-94.000000	-38.000000
3.550000	89.620000	59.470000	0.000000	0.000000	95.000000	67.000000	-88.000000	-36.000000
3.560000	88.760000	59.120000	0.000000	0.000000	92.000000	67.000000	-86.000000	-35.000000
3.570000	87.950000	58.660000	0.000000	0.000000	92.000000	68.000000	-81.000000	-46.000000
3.580000	87.250000	58.250000	0.000000	0.000000	90.000000	69.000000	-70.000000	-41.000000
3.590000	86.660000	57.870000	0.000000	0.000000	90.000000	70.000000	-59.000000	-38.000000
3.600000	86.160000	57.520000	0.000000	0.000000	90.000000	70.000000	-50.000000	-35.000000
3.610000	85.720000	57.260000	0.000000	0.000000	93.000000	71.000000	-44.000000	-26.000000
3.620000	85.420000	57.050000	0.000000	0.000000	93.000000	72.000000	-30.000000	-21.000000
3.630000	85.220000	56.910000	0.000000	0.000000	93.000000	72.000000	-20.000000	-14.000000
3.640000	85.220000	56.770000	0.000000	0.000000	97.000000	73.000000	0.000000	-14.000000
3.650000	85.220000	56.700000	0.000000	0.000000	99.000000	72.000000	0.000000	-7.000000
3.660000	85.270000	56.700000	0.000000	0.000000	99.000000	72.000000	5.000000	0.000000
3.670000	85.380000	56.700000	0.000000	0.000000	99.000000	72.000000	11.000000	0.000000
3.680000	85.480000	56.700000	0.000000	0.000000	101.000000	71.000000	10.000000	0.000000
3.690000	85.480000	56.700000	0.000000	0.000000	101.000000	71.000000	0.000000	0.000000
3.700000	85.480000	56.700000	0.000000	0.000000	101.000000	71.000000	0.000000	0.000000
3.710000	85.480000	56.700000	0.000000	0.000000	101.000000	70.000000	0.000000	0.000000
3.720000	85.480000	56.700000	0.000000	0.000000	101.000000	70.000000	0.000000	0.000000
3.730000	85.480000	56.700000	0.000000	0.000000	101.000000	70.000000	0.000000	0.000000
3.740000	85.230000	56.510000	0.000000	0.000000	101.000000	70.000000	-25.000000	-19.000000
3.750000	85.130000	56.510000	0.000000	0.000000	101.000000	70.000000	-10.000000	0.000000
3.760000	85.030000	56.440000	0.000000	0.000000	98.000000	69.000000	-10.000000	-7.000000
3.770000	84.910000	56.440000	0.000000	0.000000	98.000000	69.000000	-12.000000	0.000000
3.780000	84.810000	56.440000	0.000000	0.000000	98.000000	69.000000	-10.000000	0.000000
3.790000	84.720000	56.440000	0.000000	0.000000	95.000000	69.000000	-9.000000	0.000000
3.800000	84.630000	56.440000	0.000000	0.000000	95.000000	69.000000	-9.000000	0.000000
3.810000	84.570000	56.440000	0.000000	0.000000	95.000000	69.000000	-6.000000	0.000000
3.820000	84.570000	56.440000	0.000000	0.000000	93.000000	69.000000	0.000000	0.000000
3.830000	84.570000	56.440000	0.000000	0.000000	93.000000	69.000000	0.000000	0.000000
3.840000	84.670000	56.580000	0.000000	0.000000	93.000000	69.000000	10.000000	14.000000
3.850000	84.780000	56.690000	0.000000	0.000000	93.000000	69.000000	11.000000	11.000000
3.860000	84.950000	56.800000	0.000000	0.000000	93.000000	69.000000	17.000000	11.000000
3.870000	85.170000	56.910000	0.000000	0.000000	93.000000	69.000000	22.000000	11.000000
3.880000	85.380000	57.020000	0.000000	0.000000	93.000000	70.000000	21.000000	11.000000
3.890000	85.560000	57.120000	0.000000	0.000000	93.000000	70.000000	18.000000	10.000000
3.900000	85.750000	57.220000	0.000000	0.000000	93.000000	70.000000	19.000000	10.000000
3.910000	85.870000	57.340000	0.000000	0.000000	93.000000	70.000000	12.000000	12.000000
3.920000	85.950000	57.440000	0.000000	0.000000	93.000000	70.000000	8.000000	10.000000
3.930000	85.950000	57.440000	110.000000	1.000000	93.000000	70.000000	0.000000	0.000000
3.940000	85.950000	57.440000	205.000000	0.000000	93.000000	70.000000	0.000000	0.000000
3.950000	85.700000	57.740000	244.000000	0.000000	93.000000	70.000000	-25.000000	30.000000
3.960000	85.480000	57.910000	379.000000	0.000000	93.000000	70.000000	-22.000000	17.000000
3.970000	85.220000	57.910000	469.000000	0.000000	93.000000	70.000000	-26.000000	0.000000
3.980000	84.920000	57.910000	491.000000	0.000000	93.000000	70.000000	-30.000000	0.000000
3.990000	84.560000	57.670000	541.000000	0.000000	93.000000	70.000000	-36.000000	-24.000000
4.000000	84.290000	57.320000	616.000000	0.000000	93.000000	70.000000	-27.000000	-35.000000
4.010000	84.160000	56.890000	636.000000	0.000000	93.000000	70.000000	-13.000000	-43.000000
4.020000	84.250000	56.570000	650.000000	0.000000	93.000000	70.000000	9.000000	-32.000000
4.030000	84.480000	56.320000	668.000000	0.000000	90.000000	70.000000	23.000000	-25.000000
4.040000	84.820000	56.250000	676.000000	0.000000	90.000000	70.000000	34.000000	-7.000000
4.050000	85.290000	56.340000	682.000000	0.000000	90.000000	70.000000	47.000000	9.000000
4.060000	85.840000	56.550000	676.000000	0.000000	90.000000	70.000000	55.000000	21.000000
4.070000	86.360000	56.950000	667.000000	0.000000	90.000000	70.000000	52.000000	40.000000
4.080000	86.610000	57.320000	665.000000	0.000000	90.000000	70.000000	25.000000	37.000000
4.090000	86.680000	57.630000	646.000000	0.000000	90.000000	70.000000	7.000000	31.000000
4.100000	86.490000	57.890000	589.000000	0.000000	90.000000	70.000000	-19.000000	26.000000
4.110000	86.080000	58.140000	494.000000	0.000000	90.000000	71.000000	-41.000000	25.000000
4.120000	85.530000	58.060000	334.000000	0.000000	90.000000	71.000000	-55.000000	-8.000000
4.130000	85.030000	57.780000	106.000000	0.000000	90.000000	71.000000	-50.000000	-28.000000
4.140000	85.030000	57.780000	0.000000	1.000000	93.000000	71.000000	0.000000	0.000000
4.150000	84.420000	57.010000	0.000000	0.000000	93.000000	70.000000	-61.000000	-77.000000
4.160000	84.420000	56.830000	0.000000	0.000000	93.000000	70.000000	0.000000	-18.000000
4.170000	84.670000	56.780000	0.000000	0.000000	93.000000	70.000000	25.000000	-5.000000
4.180000	84.950000	56.860000	0.000000	0.000000	93.000000	70.000000	28.000000	8.000000
4.190000	85.310000	56.970000	0.000000	0.000000	93.000000	70.000000	36.000000	11.000000
4.200000	85.670000	57.100000	0.000000	0.000000	93.000000	70.000000	36.000000	13.000000
4.210000	85.960000	57.220000	0.000000	0.000000	95.000000	70.000000	29.000000	12.000000
4.220000	86.210000	57.320000	0.000000	0.000000	95.000000	70.000000	25.000000	10.000000
4.230000	86.370000	57.320000	0.000000	0.000000	98.000000	70.000000	16.000000	0.000000
4.240000	86.370000	57.320000	0.000000	0.000000	101.000000	71.000000	0.000000	0.000000
4.250000	86.370000	57.320000	0.000000	0.000000	104.000000	70.000000	0.000000	0.000000
4.260000	86.200000	57.250000	0.000000	0.000000	104.000000	70.000000	-17.000000	-7.000000
4.270000	86.040000	57.250000	0.000000	0.000000	107.000000	70.000000	-16.000000	0.000000
4.280000	86.040000	57.250000	0.000000	0.000000	107.000000	70.000000	0.000000	0.000000
4.290000	85.670000	57.200000	0.000000	0.000000	107.000000	70.000000	-37.000000	-5.000000
4.300000	85.500000	57.200000	0.000000	0.000000	104.000000	70.000000	-17.000000	0.000000
4.310000	85.350000	57.120000	0.000000	0.000000	104.000000	70.000000	-15.000000	-8.000000
4.320000	85.210000	57.050000	0.000000	0.000000	104.000000	70.000000	-14.000000	-7.000000
4.330000	85.090000	57.050000	0.000000	0.000000	101.000000	71.000000	-12.000000	0.000000
4.340000	84.970000	56.980000	0.000000	0.000000	101.000000	70.000000	-12.000000	-7.000000
4.350000	84.810000	56.980000	0.000000	0.000000	101.000000	70.000000	-16.000000	0.000000
4.360000	84.640000	56.910000	0.000000	0.000000	98.000000	70.000000	-17.000000	-7.000000
4.370000	84.500000	56.860000	0.000000	0.000000	98.000000	70.000000	-14.000000	-5.000000
4.380000	84.380000	56.790000	0.000000	0.000000	98.000000	70.000000	-12.000000	-7.000000
4.390000	84.310000	56.730000	0.000000	0.000000	98.000000	69.000000	-7.000000	-6.000000
4.400000	84.240000	56.680000	0.000000	0.000000	98.000000	69.000000	-7.000000	-5.000000
4.410000	84.240000	56.680000	0.000000	0.000000	95.000000	69.000000	0.000000	0.000000
4.420000	84.170000	56.680000	0.000000	0.000000	95.000000	69.000000	-7.000000	0.000000
4.430000	84.170000	56.680000	0.000000	0.000000	95.000000	70.000000	0.000000	0.000000
4.440000	84.110000	56.680000	0.000000	0.000000	95.000000	70.000000	-6.000000	0.000000
4.450000	84.110000	56.770000	0.000000	0.000000	95.000000	70.000000	0.000000	9.000000
4.460000	84.110000	56.770000	0.000000	0.000000	95.000000	70.000000	0.000000	0.000000
4.470000	84.110000	56.850000	0.000000	0.000000	95.000000	70.000000	0.000000	8.000000
4.480000	84.110000	56.850000	0.000000	0.000000	95.000000	70.000000	0.000000	0.000000
4.490000	84.170000	56.930000	0.000000	0.000000	95.000000	70.000000	6.000000	8.000000
4.500000	84.100000	56.930000	0.000000	0.000000	95.000000	70.000000	-7.000000	0.000000
4.510000	83.980000	56.930000	0.000000	0.000000	95.000000	70.000000	-12.000000	0.000000
4.520000	83.850000	56.930000	0.000000	0.000000	95.000000	70.000000	-13.000000	0.000000
4.530000	83.720000	56.930000	0.000000	0.000000	95.000000	70.000000	-13.000000	0.000000
4.540000	83.720000	56.930000	0.000000	0.000000	95.000000	70.000000	0.000000	0.000000
4.550000	83.720000	56.930000	0.000000	0.000000	95.000000	70.000000	0.000000	0.000000
4.560000	83.720000	56.930000	0.000000	0.000000	93.000000	70.000000	0.000000	0.000000
4.570000	83.990000	57.230000	0.000000	0.000000	93.000000	70.000000	27.000000	30.000000
4.580000	84.170000	57.340000	0.000000	0.000000	93.000000	70.000000	18.000000	11.000000
4.590000	84.260000	57.460000	0.000000	0.000000	93.000000	70.000000	9.000000	12.000000
4.600000	84.260000	57.460000	0.000000	0.000000	93.000000	70.000000	0.000000	0.000000
4.610000	84.260000	57.520000	0.000000	0.000000	93.000000	70.000000	0.000000	6.000000
4.620000	84.260000	57.520000	0.000000	0.000000	93.000000	70.000000	0.000000	0.000000
4.630000	84.260000	57.520000	0.000000	0.000000	93.000000	70.000000	0.000000	0.000000
4.640000	84.360000	57.520000	0.000000	0.000000	93.000000	70.000000	10.000000	0.000000
4.650000	84.470000	57.520000	0.000000	0.000000	93.000000	70.000000	11.000000	0.000000
4.660000	84.600000	57.520000	0.000000	0.000000	95.000000	70.000000	13.000000	0.000000
4.670000	84.700000	57.520000	0.000000	0.000000	95.000000	70.000000	10.000000	0.000000
4.680000	84.700000	57.520000	0.000000	0.000000	95.000000	70.000000	0.000000	0.000000
4.690000	84.750000	57.520000	0.000000	0.000000	98.000000	69.000000	5.000000	0.000000
4.700000	84.670000	57.450000	0.000000	0.000000	98.000000	69.000000	-8.000000	-7.000000
4.710000	84.590000	57.450000	0.000000	0.000000	98.000000	69.000000	-8.000000	0.000000
4.720000	84.540000	57.450000	0.000000	0.000000	100.000000	69.000000	-5.000000	0.000000
4.730000	84.480000	57.450000	0.000000	0.000000	100.000000	69.000000	-6.000000	0.000000
4.740000	84.480000	57.450000	0.000000	0.000000	100.000000	69.000000	0.000000	0.000000
4.750000	84.400000	57.450000	0.000000	0.000000	100.000000	69.000000	-8.000000	0.000000
4.760000	84.400000	57.450000	0.000000	0.000000	98.000000	69.000000	0.000000	0.000000
4.770000	84.280000	57.450000	0.000000	0.000000	98.000000	70.000000	-12.000000	0.000000
4.780000	84.170000	57.400000	0.000000	0.000000	98.000000	70.000000	-11.000000	-5.000000
4.790000	84.040000	57.350000	0.000000	0.000000	98.000000	70.000000	-13.000000	-5.000000
4.800000	84.040000	57.350000	0.000000	0.000000	98.000000	70.000000	0.000000	0.000000
4.810000	83.760000	57.200000	0.000000	0.000000	95.000000	70.000000	-28.000000	-15.000000
4.820000	83.620000	57.150000	0.000000	0.000000	95.000000	70.000000	-14.000000	-5.000000
4.830000	83.530000	57.150000	0.000000	0.000000	95.000000	70.000000	-9.000000	0.000000
4.840000	83.530000	57.150000	0.000000	0.000000	95.000000	70.000000	0.000000	0.000000
4.850000	83.530000	57.200000	0.000000	0.000000	93.000000	70.000000	0.000000	5.000000
4.860000	83.630000	57.280000	0.000000	0.000000	93.000000	70.000000	10.000000	8.000000
4.870000	83.830000	57.370000	0.000000	0.000000	93.000000	70.000000	20.000000	9.000000
4.880000	83.830000	57.370000	129.000000	1.000000	93.000000	70.000000	0.000000	0.000000
4.890000	84.200000	57.630000	191.000000	0.000000	93.000000	70.000000	37.000000	26.000000
4.900000	84.360000	57.800000	317.000000	0.000000	93.000000	70.000000	16.000000	17.000000
4.910000	84.520000	58.000000	469.000000	0.000000	93.000000	71.000000	16.000000	20.000000
4.920000	84.650000	58.220000	624.000000	0.000000	96.000000	71.000000	13.000000	22.000000
4.930000	84.600000	58.350000	783.000000	0.000000	96.000000	71.000000	-5.000000	13.000000
4.940000	84.440000	58.420000	863.000000	0.000000	96.000000	71.000000	-16.000000	7.000000
4.950000	84.030000	58.420000	914.000000	0.000000	96.000000	71.000000	-41.000000	0.000000
4.960000	83.410000	58.210000	941.000000	0.000000	96.000000	71.000000	-62.000000	-21.000000
4.970000	82.660000	57.880000	1008.000000	0.000000	96.000000	71.000000	-75.000000	-33.000000
4.980000	81.840000	57.470000	1023.000000	0.000000	96.000000	71.000000	-82.000000	-41.000000
4.990000	81.280000	57.070000	1023.000000	0.000000	96.000000	71.000000	-56.000000	-40.000000
5.000000	80.890000	56.740000	1023.000000	0.000000	93.000000	70.000000	-39.000000	-33.000000
5.010000	80.810000	56.460000	1023.000000	0.000000	93.000000	70.000000	-8.000000	-28.000000
5.020000	81.000000	56.190000	1023.000000	0.000000	93.000000	70.000000	19.000000	-27.000000
5.030000	81.360000	55.920000	1023.000000	0.000000	90.000000	70.000000	36.000000	-27.000000
5.040000	82.130000	55.800000	1023.000000	0.000000	90.000000	69.000000	77.000000	-12.000000
5.050000	83.110000	55.800000	1023.000000	0.000000	90.000000	70.000000	98.000000	0.000000
5.060000	84.230000	55.800000	1023.000000	0.000000	90.000000	70.000000	112.000000	0.000000
5.070000	84.850000	55.850000	1023.000000	0.000000	90.000000	70.000000	62.000000	5.000000
5.080000	85.020000	55.850000	1023.000000	0.000000	90.000000	70.000000	17.000000	0.000000
5.090000	84.900000	55.770000	1023.000000	0.000000	90.000000	71.000000	-12.000000	-8.000000
5.100000	84.440000	55.640000	1023.000000	0.000000	90.000000	71.000000	-46.000000	-13.000000
5.110000	83.680000	55.380000	1023.000000	0.000000	90.000000	71.000000	-76.000000	-26.000000
5.120000	82.710000	55.060000	1023.000000	0.000000	90.000000	71.000000	-97.000000	-32.000000
5.130000	82.060000	54.910000	1023.000000	0.000000	90.000000	71.000000	-65.000000	-15.000000
5.140000	81.860000	54.910000	872.000000	0.000000	90.000000	71.000000	-20.000000	0.000000
5.150000	81.950000	54.910000	614.000000	0.000000	90.000000	71.000000	9.000000	0.000000
5.160000	82.440000	55.000000	29.000000	0.000000	90.000000	70.000000	49.000000	9.000000
5.170000	82.440000	55.000000	0.000000	1.000000	90.000000	70.000000	0.000000	0.000000
5.180000	84.120000	55.200000	0.000000	0.000000	90.000000	70.000000	168.000000	20.000000
5.190000	84.700000	55.360000	0.000000	0.000000	90.000000	70.000000	58.000000	16.000000
5.200000	85.290000	55.520000	0.000000	0.000000	90.000000	70.000000	59.000000	16.000000
5.210000	85.880000	55.720000	0.000000	0.000000	93.000000	71.000000	59.000000	20.000000
5.220000	86.440000	55.940000	0.000000	0.000000	93.000000	71.000000	56.000000	22.000000
5.230000	86.920000	56.150000	0.000000	0.000000	96.000000	71.000000	48.000000	21.000000
5.240000	87.370000	56.350000	0.000000	0.000000	99.000000	72.000000	45.000000	20.000000
5.250000	87.720000	56.520000	0.000000	0.000000	102.000000	72.000000	35.000000	17.000000
5.260000	87.980000	56.680000	0.000000	0.000000	106.000000	72.000000	26.000000	16.000000
5.270000	88.190000	56.810000	0.000000	0.000000	106.000000	72.000000	21.000000	13.000000
5.280000	88.380000	56.930000	0.000000	0.000000	110.000000	73.000000	19.000000	12.000000
5.290000	88.530000	57.050000	0.000000	0.000000	113.000000	73.000000	15.000000	12.000000
5.300000	88.660000	57.120000	0.000000	0.000000	115.000000	74.000000	13.000000	7.000000
5.310000	88.710000	57.120000	0.000000	0.000000	115.000000	74.000000	5.000000	0.000000
5.320000	88.770000	57.120000	0.000000	0.000000	118.000000	73.000000	6.000000	0.000000
5.330000	88.840000	57.180000	0.000000	0.000000	118.000000	73.000000	7.000000	6.000000
5.340000	88.900000	57.240000	0.000000	0.000000	115.000000	74.000000	6.000000	6.000000
5.350000	88.960000	57.300000	0.000000	0.000000	113.000000	73.000000	6.000000	6.000000
5.360000	89.040000	57.370000	0.000000	0.000000	112.000000	72.000000	8.000000	7.000000
5.370000	89.130000	57.450000	0.000000	0.000000	111.000000	71.000000	9.000000	8.000000
5.380000	89.240000	57.520000	0.000000	0.000000	107.000000	70.000000	11.000000	7.000000
5.390000	89.310000	57.580000	0.000000	0.000000	106.000000	69.000000	7.000000	6.000000
5.400000	89.310000	57.650000	0.000000	0.000000	105.000000	68.000000	0.000000	7.000000
5.410000	89.430000	57.710000	0.000000	0.000000	105.000000	68.000000	12.000000	6.000000
5.420000	89.490000	57.810000	0.000000	0.000000	105.000000	68.000000	6.000000	10.000000
5.430000	89.540000	57.930000	0.000000	0.000000	105.000000	68.000000	5.000000	12.000000
5.440000	89.640000	58.050000	0.000000	0.000000	105.000000	68.000000	10.000000	12.000000
5.450000	89.750000	58.180000	0.000000	0.000000	103.000000	69.000000	11.000000	13.000000
5.460000	89.910000	58.340000	0.000000	0.000000	103.000000	69.000000	16.000000	16.000000
5.470000	90.100000	58.560000	0.000000	0.000000	100.000000	69.000000	19.000000	22.000000
5.480000	90.280000	58.830000	0.000000	0.000000	100.000000	69.000000	18.000000	27.000000
5.490000	90.360000	59.070000	0.000000	0.000000	98.000000	69.000000	8.000000	24.000000
5.500000	90.360000	59.290000	0.000000	0.000000	98.000000	69.000000	0.000000	22.000000
5.510000	90.360000	59.290000	586.000000	1.000000	95.000000	70.000000	0.000000	0.000000
5.520000	89.690000	59.090000	669.000000	0.000000	95.000000	70.000000	-67.000000	-20.000000
5.530000	88.970000	58.710000	760.000000	0.000000	95.000000	70.000000	-72.000000	-38.000000
5.540000	88.600000	58.310000	843.000000	0.000000	95.000000	70.000000	-37.000000	-40.000000
5.550000	88.520000	58.060000	864.000000	0.000000	96.000000	71.000000	-8.000000	-25.000000
5.560000	88.620000	57.910000	888.000000	0.000000	96.000000	71.000000	10.000000	-15.000000
5.570000	88.930000	57.810000	905.000000	0.000000	99.000000	71.000000	31.000000	-10.000000
5.580000	89.460000	57.950000	944.000000	0.000000	99.000000	71.000000	53.000000	14.000000
5.590000	90.130000	58.250000	950.000000	0.000000	99.000000	71.000000	67.000000	30.000000
5.600000	90.630000	58.670000	985.000000	0.000000	99.000000	71.000000	50.000000	42.000000
5.610000	90.840000	59.040000	1000.000000	0.000000	98.000000	70.000000	21.000000	37.000000
5.620000	90.840000	59.350000	991.000000	0.000000	98.000000	70.000000	0.000000	31.000000
5.630000	90.570000	59.620000	977.000000	0.000000	98.000000	70.000000	-27.000000	27.000000
5.640000	90.060000	59.620000	837.000000	0.000000	98.000000	70.000000	-51.000000	0.000000
5.650000	89.400000	59.360000	538.000000	0.000000	98.000000	70.000000	-66.000000	-26.000000
5.660000	89.400000	59.360000	0.000000	1.000000	100.000000	69.000000	0.000000	0.000000
5.670000	88.390000	58.140000	0.000000	0.000000	101.000000	70.000000	-101.000000	-122.000000
5.680000	88.190000	57.590000	0.000000	0.000000	101.000000	70.000000	-20.000000	-55.000000
5.690000	88.190000	57.430000	0.000000	0.000000	101.000000	70.000000	0.000000	-16.000000
5.700000	88.610000	57.490000	0.000000	0.000000	101.000000	71.000000	42.000000	6.000000
5.710000	89.360000	57.830000	0.000000	0.000000	105.000000	71.000000	75.000000	34.000000
5.720000	90.540000	58.240000	0.000000	0.000000	106.000000	72.000000	118.000000	41.000000
5.730000	92.350000	58.690000	0.000000	0.000000	110.000000	73.000000	181.000000	45.000000
5.740000	94.580000	59.230000	0.000000	0.000000	111.000000	74.000000	223.000000	54.000000
5.750000	96.120000	59.730000	0.000000	0.000000	113.000000	75.000000	154.000000	50.000000
5.760000	97.470000	60.050000	0.000000	0.000000	114.000000	76.000000	135.000000	32.000000
5.770000	98.680000	60.270000	0.000000	0.000000	106.000000	75.000000	121.000000	22.000000
5.780000	99.510000	60.320000	0.000000	0.000000	97.000000	74.000000	83.000000	5.000000
5.790000	100.040000	60.320000	0.000000	0.000000	90.000000	71.000000	53.000000	0.000000
5.800000	100.360000	60.200000	0.000000	0.000000	85.000000	67.000000	32.000000	-12.000000
5.810000	100.560000	60.120000	0.000000	0.000000	84.000000	63.000000	20.000000	-8.000000
5.820000	100.560000	60.070000	0.000000	0.000000	82.000000	59.000000	0.000000	-5.000000
5.830000	100.330000	60.070000	0.000000	0.000000	81.000000	56.000000	-23.000000	0.000000
5.840000	99.900000	60.070000	0.000000	0.000000	82.000000	53.000000	-43.000000	0.000000
5.850000	99.400000	60.070000	0.000000	0.000000	83.000000	51.000000	-50.000000	0.000000
5.860000	98.860000	60.070000	0.000000	0.000000	84.000000	51.000000	-54.000000	0.000000
5.870000	98.290000	60.070000	0.000000	0.000000	83.000000	53.000000	-57.000000	0.000000
5.880000	97.860000	60.070000	0.000000	0.000000	84.000000	57.000000	-43.000000	0.000000
5.890000	97.520000	60.070000	0.000000	0.000000	83.000000	61.000000	-34.000000	0.000000
5.900000	97.250000	60.070000	0.000000	0.000000	84.000000	65.000000	-27.000000	0.000000
5.910000	96.930000	60.170000	0.000000	0.000000	83.000000	68.000000	-32.000000	10.000000
5.920000	96.820000	60.260000	0.000000	0.000000	81.000000	71.000000	-11.000000	9.000000
5.930000	96.880000	60.350000	0.000000	0.000000	83.000000	74.000000	6.000000	9.000000
5.940000	96.980000	60.450000	0.000000	0.000000	83.000000	75.000000	10.000000	10.000000
5.950000	97.200000	60.510000	0.000000	0.000000	86.000000	76.000000	22.000000	6.000000
5.960000	97.490000	60.510000	0.000000	0.000000	86.000000	76.000000	29.000000	0.000000
5.970000	97.720000	60.510000	0.000000	0.000000	90.000000	76.000000	23.000000	0.000000
5.980000	97.860000	60.420000	0.000000	0.000000	90.000000	76.000000	14.000000	-9.000000
5.990000	97.950000	60.360000	0.000000	0.000000	90.000000	77.000000	9.000000	-6.000000
6.000000	97.950000	60.360000	0.000000	0.000000	90.000000	77.000000	0.000000	0.000000
6.010000	97.950000	60.360000	0.000000	0.000000	90.000000	77.000000	0.000000	0.000000
6.020000	97.810000	60.360000	0.000000	0.000000	90.000000	78.000000	-14.000000	0.000000
6.030000	97.570000	60.450000	0.000000	0.000000	90.000000	78.000000	-24.000000	9.000000
6.040000	97.220000	60.550000	0.000000	0.000000	90.000000	78.000000	-35.000000	10.000000
6.050000	96.770000	60.550000	0.000000	0.000000	90.000000	78.000000	-45.000000	0.000000
6.060000	96.240000	60.620000	0.000000	0.000000	90.000000	77.000000	-53.000000	7.000000
6.070000	95.680000	60.620000	0.000000	0.000000	94.000000	76.000000	-56.000000	0.000000
6.080000	95.200000	60.670000	0.000000	0.000000	94.000000	75.000000	-48.000000	5.000000
6.090000	94.760000	60.760000	0.000000	0.000000	93.000000	74.000000	-44.000000	9.000000
6.100000	94.480000	60.890000	0.000000	0.000000	97.000000	73.000000	-28.000000	13.000000
6.110000	94.340000	61.050000	0.000000	0.000000	96.000000	72.000000	-14.000000	16.000000
6.120000	94.280000	61.240000	0.000000	0.000000	99.000000	72.000000	-6.000000	19.000000
6.130000	94.330000	61.450000	0.000000	0.000000	99.000000	71.000000	5.000000	21.000000
6.140000	94.420000	61.600000	0.000000	0.000000	101.000000	71.000000	9.000000	15.000000
6.150000	94.590000	61.740000	0.000000	0.000000	101.000000	71.000000	17.000000	14.000000
6.160000	94.850000	61.840000	0.000000	0.000000	104.000000	70.000000	26.000000	10.000000
6.170000	95.190000	61.950000	0.000000	0.000000	104.000000	70.000000	34.000000	11.000000
6.180000	95.680000	62.090000	0.000000	0.000000	107.000000	70.000000	49.000000	14.000000
6.190000	96.260000	62.260000	0.000000	0.000000	108.000000	71.000000	58.000000	17.000000
6.200000	96.810000	62.470000	0.000000	0.000000	108.000000	71.000000	55.000000	21.000000
6.210000	97.230000	62.630000	0.000000	0.000000	112.000000	72.000000	42.000000	16.000000
6.220000	97.560000	62.690000	0.000000	0.000000	112.000000	72.000000	33.000000	6.000000
6.230000	97.740000	62.690000	0.000000	0.000000	113.000000	73.000000	18.000000	0.000000
6.240000	97.850000	62.690000	0.000000	0.000000	118.000000	73.000000	11.000000	0.000000
6.250000	97.900000	62.690000	0.000000	0.000000	119.000000	74.000000	5.000000	0.000000
6.260000	97.980000	62.690000	0.000000	0.000000	119.000000	74.000000	8.000000	0.000000
6.270000	98.060000	62.690000	0.000000	0.000000	121.000000	75.000000	8.000000	0.000000
6.280000	98.060000	62.770000	0.000000	0.000000	121.000000	75.000000	0.000000	8.000000
6.290000	98.060000	62.850000	0.000000	0.000000	121.000000	75.000000	0.000000	8.000000
6.300000	97.960000	62.960000	0.000000	0.000000	121.000000	75.000000	-10.000000	11.000000
6.310000	97.730000	63.040000	0.000000	0.000000	121.000000	75.000000	-23.000000	8.000000
6.320000	97.410000	63.120000	0.000000	0.000000	121.000000	75.000000	-32.000000	8.000000
6.330000	97.120000	63.210000	0.000000	0.000000	119.000000	74.000000	-29.000000	9.000000
6.340000	96.850000	63.270000	0.000000	0.000000	119.000000	74.000000	-27.000000	6.000000
6.350000	96.630000	63.350000	0.000000	0.000000	119.000000	74.000000	-22.000000	8.000000
6.360000	96.440000	63.420000	0.000000	0.000000	118.000000	73.000000	-19.000000	7.000000
6.370000	96.250000	63.500000	0.000000	0.000000	118.000000	73.000000	-19.000000	8.000000
6.380000	96.080000	63.590000	0.000000	0.000000	118.000000	73.000000	-17.000000	9.000000
6.390000	95.910000	63.590000	0.000000	0.000000	118.000000	73.000000	-17.000000	0.000000
6.400000	95.760000	63.590000	0.000000	0.000000	118.000000	73.000000	-15.000000	0.000000
6.410000	95.840000	63.650000	0.000000	0.000000	118.000000	73.000000	8.000000	6.000000
6.420000	96.080000	63.710000	0.000000	0.000000	118.000000	73.000000	24.000000	6.000000
6.430000	96.160000	63.880000	0.000000	0.000000	118.000000	73.000000	8.000000	17.000000
6.440000	96.610000	64.040000	0.000000	0.000000	118.000000	73.000000	45.000000	16.000000
6.450000	97.300000	64.310000	0.000000	0.000000	119.000000	74.000000	69.000000	27.000000
6.460000	98.150000	64.640000	0.000000	0.000000	119.000000	74.000000	85.000000	33.000000
6.470000	98.150000	64.640000	32.000000	1.000000	119.000000	74.000000	0.000000	0.000000
6.480000	100.300000	65.570000	208.000000	0.000000	119.000000	74.000000	215.000000	93.000000
6.490000	101.210000	66.060000	304.000000	0.000000	119.000000	74.000000	91.000000	49.000000
6.500000	101.930000	66.600000	436.000000	0.000000	119.000000	74.000000	72.000000	54.000000
6.510000	102.530000	67.140000	536.000000	0.000000	116.000000	74.000000	60.000000	54.000000
6.520000	102.800000	67.650000	620.000000	0.000000	116.000000	74.000000	27.000000	51.000000
6.530000	102.640000	68.130000	730.000000	0.000000	115.000000	74.000000	-16.000000	48.000000
6.540000	102.200000	68.610000	828.000000	0.000000	115.000000	74.000000	-44.000000	48.000000
6.550000	101.190000	68.830000	887.000000	0.000000	113.000000	73.000000	-101.000000	22.000000
6.560000	99.680000	68.830000	926.000000	0.000000	116.000000	72.000000	-151.000000	0.000000
6.570000	97.840000	68.680000	955.000000	0.000000	116.000000	72.000000	-184.000000	-15.000000
6.580000	95.760000	68.250000	982.000000	0.000000	115.000000	71.000000	-208.000000	-43.000000
6.590000	93.610000	67.660000	1005.000000	0.000000	115.000000	71.000000	-215.000000	-59.000000
6.600000	91.420000	66.940000	1023.000000	0.000000	117.000000	71.000000	-219.000000	-72.000000
6.610000	89.600000	66.160000	1023.000000	0.000000	115.000000	71.000000	-182.000000	-78.000000
6.620000	88.200000	65.320000	1023.000000	0.000000	115.000000	71.000000	-140.000000	-84.000000
6.630000	87.090000	64.460000	1023.000000	0.000000	115.000000	71.000000	-111.000000	-86.000000
6.640000	86.590000	63.440000	1018.000000	0.000000	115.000000	71.000000	-50.000000	-102.000000
6.650000	86.800000	62.500000	1009.000000	0.000000	116.000000	72.000000	21.000000	-94.000000
6.660000	87.470000	61.620000	1002.000000	0.000000	116.000000	72.000000	67.000000	-88.000000
6.670000	88.870000	60.860000	993.000000	0.000000	116.000000	72.000000	140.000000	-76.000000
6.680000	90.830000	60.310000	981.000000	0.000000	118.000000	73.000000	196.000000	-55.000000
6.690000	93.170000	59.890000	977.000000	0.000000	118.000000	73.000000	234.000000	-42.000000
6.700000	95.600000	59.530000	995.000000	0.000000	118.000000	73.000000	243.000000	-36.000000
6.710000	97.610000	59.250000	992.000000	0.000000	118.000000	73.000000	201.000000	-28.000000
6.720000	99.340000	59.030000	992.000000	0.000000	115.000000	74.000000	173.000000	-22.000000
6.730000	100.390000	58.760000	997.000000	0.000000	115.000000	74.000000	105.000000	-27.000000
6.740000	100.780000	58.510000	1023.000000	0.000000	115.000000	74.000000	39.000000	-25.000000
6.750000	100.730000	58.230000	1023.000000	0.000000	111.000000	74.000000	-5.000000	-28.000000
6.760000	100.010000	57.930000	1023.000000	0.000000	111.000000	74.000000	-72.000000	-30.000000
6.770000	98.450000	57.420000	1023.000000	0.000000	111.000000	74.000000	-156.000000	-51.000000
6.780000	96.320000	56.910000	1023.000000	0.000000	108.000000	74.000000	-213.000000	-51.000000
6.790000	93.540000	56.380000	1023.000000	0.000000	108.000000	74.000000	-278.000000	-53.000000
6.800000	90.370000	55.800000	1023.000000	0.000000	105.000000	75.000000	-317.000000	-58.000000
6.810000	86.940000	55.190000	1023.000000	0.000000	105.000000	75.000000	-343.000000	-61.000000
6.820000	83.620000	54.580000	1023.000000	0.000000	105.000000	75.000000	-332.000000	-61.000000
6.830000	80.680000	53.950000	1023.000000	0.000000	105.000000	75.000000	-294.000000	-63.000000
6.840000	77.990000	53.570000	1023.000000	0.000000	105.000000	75.000000	-269.000000	-38.000000
6.850000	76.010000	53.370000	1023.000000	0.000000	105.000000	75.000000	-198.000000	-20.000000
6.860000	74.990000	53.210000	1023.000000	0.000000	105.000000	75.000000	-102.000000	-16.000000
6.870000	74.600000	53.330000	1023.000000	0.000000	105.000000	75.000000	-39.000000	12.000000
6.880000	74.990000	53.640000	1023.000000	0.000000	105.000000	75.000000	39.000000	31.000000
6.890000	76.520000	54.240000	1023.000000	0.000000	105.000000	75.000000	153.000000	60.000000
6.900000	78.800000	55.160000	1023.000000	0.000000	106.000000	75.000000	228.000000	92.000000
6.910000	82.350000	56.300000	1023.000000	0.000000	106.000000	75.000000	355.000000	114.000000
6.920000	87.180000	57.950000	1023.000000	0.000000	106.000000	75.000000	483.000000	165.000000
6.930000	92.860000	59.740000	1023.000000	0.000000	107.000000	76.000000	568.000000	179.000000
6.940000	99.430000	61.620000	1023.000000	0.000000	107.000000	76.000000	657.000000	188.000000
6.950000	105.790000	63.380000	1023.000000	0.000000	112.000000	77.000000	636.000000	176.000000
6.960000	112.000000	64.820000	745.000000	0.000000	114.000000	78.000000	621.000000	144.000000
6.970000	117.240000	66.050000	61.000000	0.000000	114.000000	78.000000	524.000000	123.000000
