Writer,01,02,03,04,05,06,07,08,09,10,11,12,13,14,15,16,17,18,19,20,21,22,23,24,25,26,27,28,29,30,31,32,33,34,35,36,37,38,39,40,41,42,43,44,45
031,14.518806896166971,14.289518776537276,9.546498072486925,96.42109528390439,74.80465737377588,65.2826913569602,15.021801919407526,89.69943422065532,75.68534749192453,3.347369537638898,75.53778080230087,18.652788295483784,53.62418373648405,88.07974008024456,89.33658205067675,6.1459845956809875,75.07928305238737,58.74518864423045,45.504911267284456,36.85635573906625,77.36108540791362,18.84588118215423,35.084157187683026,82.54932847540006,95.37747556378521,75.26566821315078,97.27369995596275,47.61982211111957,90.13569412140798,30.6934115899888,87.04892249642128,87.69543165761954,7.091463412512469,5.839759084318672,35.692212421302656,38.15888499192299,26.090315374358095,17.813284549275426,36.71359373287907,97.5567916881023,25.37890611093858,16.58902292319359,21.02864789612189,70.59236663136015,79.53156781478073
032,36.72151112889412,19.839266674120307,15.255407717716162,85.76818278498682,45.598400634998434,40.86059334487963,75.28796115360777,38.26138597982792,20.322505103162644,4.332514632089766,87.3488975497336,55.523688249230844,80.76852141860333,40.5807519748478,86.3286338241558,8.793441000802082,53.8592845389233,33.37272938702763,48.8744975846807,29.865304279196998,43.62921602646863,19.552430074810253,9.1654679845836,50.47610899197816,31.42640132814517,62.734571320048715,78.4357409946572,68.07261350590578,58.065968714462144,23.809725822825442,88.88308683528811,81.43283003701981,4.044751836482933,17.866202844518696,54.57777350727149,15.575581656791165,64.03192456399202,43.45861456480678,12.211234622249751,15.188680397599166,8.892930736582022,73.03086911924872,65.31552312299068,68.84132729489997,2.6214257647340338
033,13.240502396890077,43.77176283369657,81.39704669085617,67.83928051272136,88.09992999357294,28.763881999854064,51.61074767311138,18.99424565331817,69.66316044886915,60.85499312457641,92.06924842888571,90.17663234751643,31.4015239021149,73.08639520998241,20.55858177680555,26.920718127472202,52.24687230136308,18.873311939091618,65.73278087238755,14.280245449755993,42.33495289313502,94.43850795078903,21.640131418362277,44.686774212991516,16.18811612189981,35.58562830328026,46.25006602104693,74.5849060519796,65.53215986011266,99.45312725760351,62.67932803945156,54.49148683381266,17.416497322817662,27.842483104978434,8.194704809991778,5.219239446880962,91.55700682043737,95.21848183929401,86.12019717237901,4.504527699979459,34.870267728225215,25.57568624280758,36.45694098560013,11.651146511876835,3.250329197323361
034,75.693345284928,30.45280413198412,37.10745634938359,97.8969887710345,51.47576667244908,20.145768132803767,60.91722236422644,80.36946513116074,21.395051233490015,89.99557692202805,73.802951185457,3.7746375487902624,92.84700150032906,95.1487154685327,68.92322063039907,26.311194318283967,97.5682622363625,54.41371301008951,3.9176387390584324,35.76202379423842,70.2367086735641,83.38359411496054,35.900408754596484,28.953348221048344,78.56414900800623,90.27403137034145,94.03305855916878,90.98898432200848,73.49489819462103,11.576567138014358,65.21807700889174,70.14185696643247,73.10332509890755,63.58676734466547,85.13282597294703,1.4660316680816292,30.536143490712057,28.138096455855106,29.950590180798443,49.013372966816924,2.70711125047492,92.75524263927463,37.0475891167274,38.86667345059815,3.294639722161251
035,84.54579214387184,1.7684546570996393,46.50710482132102,77.18557572351278,85.06619926753312,44.38580414728093,28.457881826057367,79.42016921228975,47.06339038284323,34.959560952818656,2.4821220656490253,90.04121933161971,11.361349279157622,92.61075817042925,1.2152508392129575,31.354953155234604,33.6742563991446,48.34897818289006,36.02931916236024,97.87156799232218,97.3651298141125,25.827095627026363,27.058616572444713,59.58805566062654,93.51829451490856,31.728550436775258,85.38365402190138,44.26934867690096,21.58446906946709,26.851440544812558,76.44486274341598,45.662567319573036,59.449583990171966,55.422235318683846,71.2099457641195,95.72245624015513,73.92509083174043,55.24236585783508,95.42641220276818,83.03507678955827,82.48590087176183,15.386002624551192,69.21642897266304,96.49018806771775,33.44032694626717
036,63.30697354031589,75.13908320905813,74.52193358837246,46.924423038743,69.88516351556694,18.371299114062197,51.33217432280505,63.96472677767855,85.04638893851912,99.07990411955213,88.0875687410981,35.449868667174115,37.09381320360239,93.1666421546986,98.6648793016544,84.63436004682643,75.76497563443216,81.79343591909542,87.99372282872288,27.593720604697587,93.68331875404834,12.482971039676974,61.287711668807326,71.12372750264124,72.1258185086304,49.74681358997975,51.361486087609094,36.27359836817975,3.085335206175886,48.53219367576377,63.66178711693077,38.067754457908926,49.97559363196115,28.798739197494132,37.14362520135475,43.77993987548537,10.198195754710863,99.7244133630593,25.778811055172085,42.87272287083103,3.9808343085412914,96.92526458525782,96.17191226246828,6.1520656883573395,70.19228216275069
037,42.955959233896984,3.2473237338924994,51.95305067547915,43.65834966604109,96.068988715559,26.430925684543986,48.79615060618338,64.48539860557827,66.01546329651826,27.784720986450647,66.12585957575843,2.5334381269187,77.76931666949893,57.83280072632686,57.19183318417272,92.68723155015199,63.81991590347214,42.880676449542655,54.54305467730789,77.80983066819522,96.98015513503975,41.01628049480761,43.010579917007796,32.73334654239297,45.98232674692002,44.3712283922803,85.0344113625279,18.548288980578345,28.578510032293263,54.72552703355959,45.998612568574295,82.59750160206903,22.375688431355783,13.785765098129058,60.31004330745173,92.97196763183375,70.57525602733382,59.88210392102725,78.14399793124265,23.398780881894186,29.78926020251082,11.946767368939021,85.25962935994419,69.85039886111191,66.02633806830355
038,54.37246942908261,59.41311152833196,1.6438626952046058,90.25093756476524,81.11508617770994,16.323717329089693,27.13513357597958,89.97768411486048,99.79454586552575,83.85093973517614,16.625107784237716,6.024261461423434,29.100490622336096,93.62619862145101,81.02739009864264,17.284998003710434,54.20782012212157,78.86980218366628,34.92241676164494,70.42413777811764,18.75301924524361,42.02605700826145,4.84676486295594,63.861929193635035,72.8598845258469,59.956923221602,42.50653581016379,48.072687732950556,11.897359046699483,19.29215199507464,76.85694566216627,3.2341127331494315,74.71645614923227,76.7027627568514,85.21689866827809,63.75777634128057,34.225182674474354,71.60077621913547,95.84680235395614,71.1389938637144,96.25581926520282,40.74653794871888,48.15289374738696,68.23848404867407,75.76931783698723
039,11.997113023234967,12.983555276603521,77.8151457723099,22.313180333058863,78.1332065387385,7.015740196621415,79.54891821125995,52.512214726263814,93.80203772683019,18.043506403278347,38.659299228163555,97.50590764118476,78.22836361251665,48.94846449935475,37.01509246851718,61.103306690531504,67.6125242647496,65.27932869677652,86.13049589200841,79.40009257650713,39.238407879339064,47.63677091812402,2.2484473611940627,90.5400036575821,38.31698775332971,50.812261439462965,24.796306697655588,24.362498906016626,15.803486218855493,8.605603456892284,20.96912388523161,20.12816477653645,86.75892230471901,96.72726215283892,48.13940874345398,20.502987435738856,12.663572828141993,97.20554069030224,83.97071949204263,44.76015379723952,63.587181482908896,50.041462634717604,38.6302315291247,35.53688243592968,65.8055244560682
040,83.79669094267723,96.5048425717306,42.38448621782609,3.6693164842920583,27.65542705656525,97.33772824186313,68.56703090753479,91.42962209104205,88.05930653626557,86.03936489240652,90.17816210881057,30.550590864341988,73.07803435307756,93.46131939602112,27.482762182362563,45.416773798855914,18.587768307076352,23.388407803175447,67.09860980202917,47.06509621665522,40.37572021560539,7.47888338209075,63.44187101488658,35.97057440305686,41.39410953579664,84.3163869688817,8.53437913425453,90.13777345562214,34.84259555154655,16.674059988169137,12.025962713177174,45.26117507702769,31.591014743804358,88.69488702044224,74.97721497226993,16.011047611566347,3.406876253164481,62.51969494647557,55.14190761403424,17.64973273942477,68.12082418184389,12.065560952354584,11.78009636408677,93.38557307302997,26.132550939401515
041,10.492423925698148,42.244006406357656,25.281661615974574,45.77107099494993,51.51754502777342,66.92812146205115,92.243020572308,42.95663667860519,19.136735240633776,11.214111230794462,32.0100191196586,84.91589449924567,88.68509670627633,78.03951640440735,5.5400970792935,71.05440002322864,17.99395390274924,68.21296290114729,41.55910324953676,2.9401929427709668,95.35551640990272,47.19219606329738,43.83002808539048,58.18486161764123,90.29395077856117,86.66917563544641,46.95649373092674,57.67980367468083,6.066240935247109,74.10262548709422,80.13975340168857,64.41331450167228,54.57188814114914,93.33692331557585,7.1283602899763965,21.78272007126934,35.999711361749206,16.269070359619494,7.319919457194492,24.034148692703905,25.6200847951996,77.55291952335578,5.651037121498814,89.75487020318575,37.54743742108642
042,48.28710660433086,13.616678241685262,78.43632728670137,79.06051876889728,99.29068001984614,34.49077670023239,68.4213754875225,67.74195461473913,44.85019991617041,86.00969810119153,39.522235118192484,91.26925093787312,5.234424356014138,51.56469282890302,42.20629459357049,78.79315369095865,81.61302668002497,25.334082112605007,61.662775856640025,44.77093021984614,57.560949570794655,26.68322477884495,56.0564725531771,60.602418836476105,83.31851574111259,69.85404571809003,86.98054690865015,11.625166427837538,60.2872449190577,53.862896636916936,85.21424524331475,85.43318680307762,74.70927604386665,54.35490191130649,36.906771123199036,94.91840315784597,65.806667388868,13.081170228388233,14.51220786008573,5.763738192071219,91.16108000998283,77.05121792323261,63.619958994936496,77.36386955839605,62.4461589030018
043,1.3029148135674047,89.5641376292184,42.26092397398889,81.0449395731915,33.039584009523715,77.56629906185547,75.0514353896035,16.14612599322716,68.99161394584003,51.38081131831853,53.88518223761758,87.54605851911369,56.28651354446264,60.789417425880586,74.11127486045368,12.544950299892555,51.298031663266805,9.975514645176046,33.20310628145022,67.37796485048042,64.01152618964814,34.8930634818905,33.28257897733339,7.0109585050592,35.42397532570367,24.281963758603432,59.61253618849407,41.361858318343536,87.21785328459683,2.891298465421918,88.9531173150275,60.135786658737366,30.38204337985437,52.94236964012526,67.35253985343721,94.66558235033017,42.840161352162745,96.92459113873016,5.032974253526027,30.057520974486266,88.74805160882322,26.613826226822223,41.76211180651254,45.45092240060805,96.79582545109774
044,34.13466640222398,65.88574281606452,79.46226185969209,18.399755484912742,12.186766002967834,97.34274685549993,47.9474932058156,60.137705200605495,28.956195648551663,4.998769405336716,76.15099309362213,11.636277752118444,66.79509908971335,34.98360596941785,70.4903126139359,94.45565754927802,64.3243775210151,75.334351707706,71.00255359902462,84.21434164384,62.54297217938018,60.0137821863845,34.53076156009014,49.25427756023895,76.92880670050155,53.28233739452841,36.74993366103052,61.04253316669259,98.56224329529,31.576745802972066,35.63381100120451,92.63466108892197,47.78591545529181,57.50968538721593,88.3613700264787,76.12235972167606,32.27880493694444,9.729152526861444,9.095216645986158,74.89773600543833,13.22456271570612,69.96550029933985,22.75110646412908,15.628872117409443,19.378422765306308
045,84.60868851256342,11.252767442319225,70.0138657154184,95.96920296051701,45.00680517513401,77.00900814287188,18.423621659526194,49.38907818428204,36.619705607267996,17.499845176571952,49.295158357571445,80.3034212896349,24.075127829716102,54.82003698657188,68.57762310630525,60.11664087161029,1.7689686854453694,97.90595906560178,30.56873197788658,58.537801923184944,7.543401021182363,32.96568177586283,37.418222564365124,47.584568935061476,57.08122914308435,56.60132031272545,71.93314949462071,57.9858171803996,43.4413940925395,32.34888375852695,99.38846931838084,26.50548655355074,66.7217161386549,35.36627515008627,88.58534149998667,61.14838445594388,91.0429224780651,37.02010788610541,5.596727047936615,84.47008337453124,20.836368082065885,43.447174852848306,69.5260945541776,19.181475322626113,28.634827137195117
046,68.76368641701414,21.41820892104478,2.9113993370358373,54.70561348378426,21.522692897608128,9.048340838241383,61.385445933711054,38.32117272234373,36.75741134512603,48.50343120943509,90.18489142062603,7.1768824331991015,52.95876818535729,18.02192627782891,63.52731163452773,91.40686379800948,14.901004420299621,76.38360072157873,28.6707446715134,53.54001310163107,41.18928111018873,72.57179952576294,51.385666790859595,97.13852880029403,27.235137491989104,39.90068957653486,19.327437851279292,53.98317442894529,42.411973375662036,84.60954749474806,61.93070764460026,62.83770179217067,77.0421299359091,4.646003060011912,15.906861639081114,75.24748771968741,92.47342555910699,85.94903699552674,79.84770825238469,73.1519969767788,56.9554233086216,5.703691199267578,45.2421725677425,63.38400007884258,43.34636544587135
047,45.95219274314381,41.40347223263789,76.8827442300376,17.27827752379378,19.74249818221095,6.312660993939002,8.079114977778689,84.1955378298342,49.76962125352151,13.872185249182579,23.87209848049788,61.66924103725546,39.48940885767583,35.45188929105299,23.009357875013304,57.832228155457685,45.235256878502305,66.14272208260962,9.586712384209068,46.75109155922077,89.35992641584825,91.94107974637372,90.56103679565896,20.601184586398357,38.963373975168224,32.21279605887196,3.3503241947006317,62.937773477204786,90.43457350959305,56.5509815299938,63.74783792620221,40.07735073705188,38.48789791953588,67.79821174405375,17.73087799013782,76.02793816977523,21.026622692503512,16.715418682076486,4.348825746073521,70.29039609099712,19.094312536526587,95.5987487699241,74.92127793697176,44.88566856324903,35.99081330779388
048,68.26299122813718,51.56579345612098,25.327173192949637,49.40336415617562,16.746433898337788,50.223905756661445,10.651592903948256,85.38239104678787,65.34905487555602,99.97031929951379,11.374978854631257,74.32972993897783,5.160440391805081,29.98026626953337,54.70265030325282,61.080303587006156,26.741233691631827,45.391451724182964,77.14240945215202,5.717385071828213,80.15319746777975,41.041189000499166,57.48672043742521,15.387292804579985,67.02579420272029,93.07903742612218,14.398426860884715,46.39522001421322,47.04425514654548,7.181392989925246,66.1056242178954,97.17635720102804,76.35362765560423,6.041426943082115,68.63832853101141,99.42140928894023,9.247283547269314,54.822493507711364,95.84769993038573,21.78342552017065,30.041315028222588,67.97195249879587,14.557559770971514,73.3894546306847,54.863793908842354
049,57.014669566286145,85.24267343237887,28.315795763516633,12.589028807900858,77.7794150972062,8.318992334589995,27.030191561900203,4.873416543742222,11.643914308399134,69.641076526381,85.95896679196106,34.210487117141234,68.99626756448409,78.07300270517499,6.368616191032302,69.89033598177058,3.9390014868723178,34.48740784161603,58.75932187804178,84.93849399084831,64.90084257448252,8.926583586859113,77.03619478684092,7.672703850916872,12.878774937092492,48.05444642696734,97.15064017980018,9.609890639044377,6.677226687965561,74.65260243519451,77.42250546884486,71.22660184385674,45.124204381155785,29.12205471924979,63.88629046330085,25.03715513090971,64.0640184205043,12.588277231497779,50.47177905758054,80.54591247988644,10.065762601618717,90.03573895416656,9.21102480593298,3.4177018703837314,73.83659844926349
050,18.778252771257968,50.165757932735,58.84729517331878,74.95918009990405,2.8311720261639017,16.318529701983557,92.22068193698938,20.265468478992627,93.85470808814152,26.6102419526041,81.33345591942664,59.41438055873237,27.42717936168383,75.7214965448706,29.101001276970834,18.308185842845695,99.97102259891935,78.49281982205227,75.64797103502214,75.9771640591956,74.22333320753303,1.8401606004681206,97.98583639370061,97.602228573278,24.31334117798636,59.24890983908803,38.470229056258646,73.57730793414476,55.97374753033459,3.5545588943584736,36.91944985324025,71.22518159148197,79.48695996220891,28.437137715634925,76.29912651035181,95.91881591460799,79.32957001110526,50.430192223081214,59.42277423652039,46.66132665495522,95.3463869883741,49.1919127165578,47.150020577840635,29.912318951974267,71.29803411483104
051,84.70948968257893,35.84112885394497,33.84637283072735,87.20708196274768,50.273151180135585,44.977685426926115,74.0621575065342,43.90724098565436,91.53587250279274,16.458913335977023,79.27393913357108,86.31864764578307,84.27850114781859,77.71517022011729,36.85864389737493,93.70121638439417,91.91879343541649,93.9715918850153,35.64457994985234,67.92671699226315,84.09575173713534,68.00753736631916,3.922198094501948,50.135114396407474,68.22740712850981,25.219722851507697,19.1130909840874,99.58586552740961,55.704378776291456,9.802687615007809,50.5985425379956,47.449392356300926,52.62821964555617,28.85027697355938,20.441483101984744,88.88023887512371,25.617256704871284,37.503650788755486,54.24492120455588,81.09921162959809,19.532479067066486,57.79611128669951,82.7234019251313,78.3055139227223,82.7006386397444
052,87.18069795976784,56.90010869254264,58.17232443362127,54.617685732476865,89.74762217737812,55.42304834456895,55.27226068061328,4.952534947476096,48.82423692495121,1.211167110999192,73.78582919448347,68.81420016432088,68.6616761097725,41.02687212571028,32.45438836283035,55.08140278017656,81.73191680460873,73.53979964379843,96.52628871823029,40.96656232219717,33.7338842417631,64.29499040704003,9.62088943627509,90.35972874817385,47.95358812447489,74.39424282977133,76.3270030910534,51.802382273483246,26.19266565158664,73.78974958930823,61.919520257313955,80.64457975269866,82.73503833101431,53.692373009545385,38.12159069128233,48.23512553979056,82.66383324605512,97.52906642433427,60.58211685846823,90.72374260355822,40.237323896955985,85.36191768328182,89.84117590449773,48.6220880537148,84.33049025182687
053,62.59029473936908,44.17376373747489,12.050648823115166,85.36461675792432,40.06954071223472,42.67419572069994,54.90841718045226,96.30705410005294,94.6433955068118,27.193778712953794,37.11824926324098,49.55061300600206,76.1717477149989,68.15242646586594,58.54661689800562,25.730830086707147,93.28292462529619,32.206541458272326,22.363283602220644,23.585346157885056,69.71748613820843,26.991987854582863,79.42561993854513,66.50465675671641,87.61977878638713,39.17175796256221,65.0948843394177,53.991041527381235,8.809307789076968,24.73208732941019,34.665360456832055,66.87618959899113,31.473585580237604,74.77949756033858,83.57733795061559,38.340699186068576,39.123108254226594,52.4930041491695,51.83476187064776,14.602407129019843,58.45628418382884,64.162075131209,64.4285253206816,7.035444401685861,49.64479516269555
054,13.084962920896325,20.83588158850224,22.727884632071703,5.115081541918102,67.26153011905205,5.565000641486265,37.410437661489965,40.02880174977246,83.3625416399872,75.41437265957653,65.45419381755619,49.706605752088926,76.8343429038464,21.085324822125912,61.03173556044381,35.46726057461773,94.42572719574592,27.391957833827615,66.61582920974908,69.35137274426499,12.207483534373868,31.652598422663377,25.53977943706411,42.47713583282931,21.94634551884893,71.8339418928805,55.40562051663954,85.76951902833373,27.784722327348042,56.231908570258625,61.195065934489094,66.14691978251925,86.83436640275545,76.1839257850561,81.00685349050799,6.347133641887517,61.850352689762246,96.7913236688157,92.9514150532284,60.321969734070095,89.28258925689697,52.235166547471025,25.827364675362034,18.291250819169026,83.86414092549258
055,52.03631527864586,40.23332325916805,44.95447590074801,68.69744925462217,33.074616477138854,24.556601117250903,14.090680016055368,36.72783133291199,31.337614538978965,66.34314646553594,61.11493238247928,80.27244596974748,76.90356086324472,3.9840051427774363,3.328411377089308,75.84013779655193,93.73303915819419,29.321242104421767,12.135426026981797,37.342974166895736,76.51983692847334,65.69268353045753,23.093947073874265,29.756313062650335,29.797829970217276,56.12908167653304,13.371421052467834,99.63206459771058,64.16854504306602,42.00927022592452,22.419554244116213,93.19326715089143,71.4985134891882,15.41608788973112,42.41440360589444,59.131766611881616,81.93508616125766,38.392858778487174,71.53049925187977,92.23897904154407,69.28482019533374,41.27596737521945,29.453668992964747,27.69356581102734,94.68780162538314
056,76.42641696541499,70.84012798811047,94.554714440541,61.582744883686324,11.309962393085828,33.62175829883655,50.770208095575526,47.73284812308003,50.672051679602525,34.46722927561295,59.041539144694895,50.73175787419178,60.891603340494996,91.91463668289185,26.025932504760537,56.454437496444754,5.784188253384186,90.94126057826216,59.53022934519958,14.454707265159575,88.55031702535142,36.701460703107905,33.18421404448242,6.134381782061481,30.756782559986533,46.111163523987564,3.2774702731546848,77.26235640563313,26.701861178009437,29.16141605606188,42.95378956260904,34.47878344112751,64.9146450228888,83.88601516532945,99.06578366648019,24.089987813414638,21.50897129092551,96.96347577293018,8.662684488823446,87.97494625563758,13.488063343611117,85.41132014138327,79.3172573337119,69.83051151283146,14.695210103969501
057,19.176587486832886,44.43391326653158,11.34338502244814,11.728313906977618,57.02336625684305,38.555615794718484,46.07924486164055,93.8380202963857,56.28575593429624,24.6826603356343,21.974705954865804,11.486289127743737,58.907539119785575,75.3262658892467,27.706837594589043,54.69957440529343,73.13853133736987,80.75196028119699,38.893187672361826,53.40476171833002,18.213051390747427,29.390363161577856,37.05420981848824,24.643419684014987,47.87212394494906,48.43192332669852,78.74908980230607,45.18406879804218,81.48475684021636,61.12184117385297,38.682913464549934,64.91197938142732,77.18018789378114,63.788181922525524,73.18737270477824,55.41658603724478,82.78672864420646,57.41674563437472,7.442703877286796,62.34830620980687,83.62213191876175,39.487489900488015,21.929301006300875,34.403584204831084,39.67364280787011
058,2.8810327138649665,57.114387334688836,95.355756565529,51.93333457983747,49.660856215939454,29.80119825365665,4.650030050725502,19.304916931411963,17.331718929122218,57.12867359434248,76.76393813947719,55.85590190235899,40.635365832740874,76.15139526719456,14.70343598469249,3.1573506052889786,59.089728100262384,7.535116409179005,14.568717858812601,19.194995214391277,90.09010210990029,62.9443900510915,39.60260279429193,44.82211118308455,17.96625086872386,23.468938247137213,88.61199660930583,85.04352264344121,17.98499237826746,29.54227907860298,67.61648159500899,45.14674599796899,75.53475321728698,48.749344821856546,12.497755665800202,4.281071408763095,86.97169927458205,22.17146467378332,86.8195041348983,97.09509930352363,94.4596686477402,79.81520830341267,12.106293139536948,31.70813747340969,24.748149035730524
059,58.2326590384586,11.06521339692426,98.92575659963984,21.349893902650408,16.52865839320961,20.143896840939853,88.9927597809744,50.33140957042415,11.465169328720968,55.324040036840074,12.302098331999423,8.299367494934513,18.09656352505944,1.5969878983880528,70.97265666122969,31.86282957336775,75.06196625969073,17.212898063724857,20.747103316666337,23.946664919464528,92.46362130778022,54.109472746495115,42.80598754325733,24.71732774457442,41.44776806524602,91.38288806676282,31.011037967943036,14.859861176065763,32.45981784972849,44.44336747989779,74.13436683133695,75.74678622463284,37.27559208837587,62.36461966207441,6.626900216922942,60.806325059443495,60.58642765155132,29.020149373555437,78.1412025011025,10.558086295618477,9.150703159741418,18.50258131075137,45.56524156874531,44.78903784167382,25.140508711822786
060,53.49249664400271,87.61494246355757,78.72680792467135,69.70433632663168,6.247909269616562,33.863205807685425,54.883899144593855,48.31680541993011,96.63187848756387,69.9548096027091,45.09709209604259,48.449228146770636,55.2811667017461,5.218777009109208,94.5347607917385,8.381303069636823,27.147941708359173,36.28092276449106,31.20198517571325,28.016837081557394,12.184649900713634,63.206648276956734,32.241569991230506,41.596390692411255,54.53114220357111,45.10075948583241,37.329177422809614,61.78980380616148,29.48159686189622,50.493087209789884,63.2951532605212,41.23838716597161,22.81426544508378,51.409182322188826,21.0313285354358,95.97963432446979,69.33689699352897,34.647085846959,40.87664877435684,33.831113062508514,3.7788184156509232,65.00365869114407,70.91671767512051,98.21368033816395,61.616609223814926
061,48.26691986541949,59.617821929695076,84.60315309218716,37.49332104259799,4.518789634186675,90.0606215923855,71.03613298750886,82.5113789347213,6.146028871179749,76.05436009297216,48.650366410854346,2.6982704089165193,40.25756246920126,60.45597903850024,79.91366717334932,77.35811656658215,45.247332819644605,51.7788665998432,53.821046124333925,25.408736770985275,31.299359528144027,76.78546182132492,96.04434481948908,81.99740720477772,6.255544835083513,1.1061598038743115,79.610406569307,73.96400108981,26.447675201459486,76.22303346241004,97.62752880752664,74.23304641643067,27.950412232216987,98.04902160417417,49.10194498045346,18.051364605353985,2.6208825263998463,46.31792445426359,25.271096692924054,81.30503972166625,93.91668472384244,24.88828340558383,45.12662161759561,74.94345932216876,98.27858292219517
062,96.37337507286517,95.64626114710828,32.625660523284346,33.32590647566099,19.421878061972308,39.785502134697225,34.77427553285577,8.200803228616753,13.281612002554072,42.347683819906536,31.747104849539767,86.39980829335812,53.93742213919706,30.901741122297622,33.97830007769183,87.35864024497282,22.349179582471404,34.5856318955527,27.7530400010616,8.136953256861384,83.85570613083468,74.10528283306968,68.15228111516133,87.3670934885438,76.87415873872666,19.4897705164283,65.94008818575647,27.399847951378234,82.18437696437702,57.33814356468456,95.62881746277155,66.23154934798612,87.87076535181028,96.04336612095987,48.59151908951715,87.51124071614703,19.263721278631962,3.2450051114034135,49.58866047434911,89.274701753529,54.054366608982015,38.45853955119046,69.65486428661382,91.10487998118225,63.78270698533104
063,62.57743659849365,38.62184293541891,85.39277902435695,58.855406303137805,28.640210002785114,92.63007930880809,53.406929216247875,7.206580072141537,25.617710763104178,89.90145114758353,4.523469222582089,7.081143557389853,60.92481018950787,77.80216032332282,31.901426774199898,14.188927650338034,59.74313379744141,3.695203474885675,11.231176460623317,30.210377221284144,58.28221323849187,14.233620721350185,59.90381019854462,92.16196439948578,30.917615358498384,79.21371300879825,13.383021918495764,30.787459939059303,79.6565130283281,4.8798751666585325,81.06559249444815,15.993853540576938,14.366023225070846,85.7705830059267,8.56493409379379,1.8232141700134958,4.136537334173636,47.35724094412818,17.86578887401715,43.820398771305975,57.65044914207477,32.27133833995873,63.51233430727524,81.69758926818467,91.84469111886104
064,63.23131103548817,52.49644827964744,55.62819536444092,12.909728044589027,88.54396252863461,24.999950197650108,17.833031278418535,21.654358607522234,98.37318934400072,77.17935612420669,70.99220651504099,83.48126346749845,46.355770139700056,2.185941160878141,57.14169574092602,15.140650874626221,57.89915425666821,91.9163955297372,25.383337108965023,7.294312733376198,43.954974356004975,1.8373561541641503,31.220328509317365,66.34126070339133,63.344790899771084,96.24709219629975,51.82222176931298,54.06863338753957,98.57100862765859,38.89024493466013,12.966615176534827,77.03578236055537,93.86023545492063,40.86773644509428,41.94381198996854,45.24389820068812,65.09641399972561,90.53516374947667,95.90228022574652,21.90215253848226,26.617471187024886,49.57222723679113,73.93966172379525,8.896107952627299,99.51625439545221
065,72.19315623284656,32.685488666477326,64.14715147588133,51.52941640341423,31.29118240954604,71.54524286982524,92.64065546969272,51.83401609017152,43.84226288198761,30.74945916038777,18.794595587744084,1.9233687928370684,95.58454625774006,55.31539494434296,61.336770945024966,12.815524287049508,91.92158563786839,76.61059737038121,34.55861080683573,24.65129554413525,60.42524120786806,73.52060565520509,85.4148727723164,92.0760960360463,55.590187788442634,79.25450274750136,26.94323199171934,54.951223699520284,7.661473091066484,13.419888432963472,88.68163534564157,44.89468120214964,89.44294758636022,26.537768122286053,96.76011750306172,5.856630548018228,43.38038309039703,72.97917856242454,59.10345047695179,6.101485643917883,75.17636031389435,44.799179032730954,89.44753167532963,89.33619013540437,29.998793762938853
066,94.43255955755875,45.807572835549756,47.48178988524302,14.354784743700925,49.9663987876281,26.01722703868846,28.685858934144306,43.191831314886265,8.517023309886449,45.681859124411524,56.898411191309336,71.38993680108477,74.06510980100059,96.76594191745059,62.605107130109154,96.10277822020177,20.93851101982519,19.44726183953631,65.66831174485628,59.20756221500154,64.13711403095502,99.64746660945391,56.10952609487686,22.9011218851703,78.96037350558696,43.931790070406876,71.49445464548194,23.511196175744036,27.73958208481935,22.868017085593802,52.27450231280981,66.83490555710578,26.749751923028548,92.76529714179574,98.75966845860786,74.57995698254547,73.11098559042286,45.58130661230875,38.87465156174102,7.1585893407515755,36.249115916172016,38.78857256288597,6.128701344827958,34.112935987355634,46.57082985882208
067,17.399639555963738,23.610654114570078,75.07485311960323,13.14640714155787,51.16207801091161,12.601699476564704,36.89816494843997,4.900516357642968,95.5173714276869,45.77747572685984,87.5517996576904,25.865971001990616,96.44640621694943,78.50778000913347,7.37767501442394,25.943429114002065,40.81708922558866,31.55831677224605,66.25232443975851,1.6856675812176642,57.24222311873596,76.73661462011856,62.39172682476196,37.06330295151937,77.93152777560681,25.492523736758045,43.5729167433842,94.66524626562325,28.499059546235188,29.346498245805947,98.23622412108945,75.59041460394741,4.799370235485676,13.202335540155728,28.20142014526086,40.967099332316884,68.81134058660764,18.13594094839181,51.95403369703274,75.33332774612116,70.9500870885951,72.2945960916136,85.40784089952737,23.254776150644442,85.62457572378443
068,82.59054351695274,81.15382130752715,32.63596053776544,84.98603639222677,98.61156997861504,52.18765856070081,84.61467431776695,57.71729069921211,56.09522414776197,55.288862015850505,74.20266329622065,99.71929172868255,59.621242658514156,19.0124081306997,92.1490707693931,16.201638164559164,72.81523746978452,87.82205548078285,89.16012757018319,65.91529111824273,7.931677606983247,34.2372171793659,57.395185984476655,76.01500150942726,42.24053753133736,74.66430327958253,32.954959032070434,32.38151515489576,13.968500840637809,1.270572372623103,17.86725313649176,87.178882656714,17.89113672858691,65.62185792521008,60.22895124081164,52.74774959799,29.630053613424376,84.29570294969224,35.94865783959701,34.98540001298137,69.58671542168662,89.14854393339223,26.753621611601037,62.03242921702006,12.22687990501658
069,52.204249172718924,46.62803922329331,2.431353297279064,27.059713760177175,49.29529679096343,26.21309450896591,93.18265436445935,64.16022121014814,55.38757453064089,56.36823821352734,1.1891898231243414,15.583947093112121,89.64985485107029,74.7624974186216,34.14992711537035,18.045390152959992,54.78899314845479,80.24454661953891,29.88858154593561,34.07012630098142,84.06709376303853,92.82133119856952,42.4786767998946,47.69747127958626,47.381271678953844,67.04653400137353,98.67741746602321,36.02007460158326,5.23113830134688,42.330421461884306,40.78744772913242,46.875983554205376,33.94507137913034,22.78477454002926,65.12127358807388,99.14874273426929,11.234142453558118,64.35080383142486,94.04729183248509,46.321985472410354,61.63628483298282,97.33194868449539,13.235797956873984,62.48382875284063,94.1201800979201
070,10.073997486202183,54.97619466024409,75.00120915819907,66.04438108057998,98.14677502439821,54.2537847335013,75.7684578726395,83.14440874264811,43.05042739395074,19.88981067434426,76.3357636682593,7.861543606415189,71.2950868681958,27.276096423375357,16.269360072817577,75.3585867825959,76.21001903328936,63.10668742514615,88.09929003742694,61.35811328433364,82.76263376156199,14.48144212657264,96.7518829298553,83.80810876140328,19.691684454707364,13.178527088740127,25.844207135451,9.59033627867703,27.6445905808391,24.723339075241714,97.17528456217761,56.65878321561384,4.420300634781715,50.823166681508155,7.151057345659486,10.471034169647732,27.32088213145724,53.91836231350129,23.194542250595696,9.32008902185621,47.75844983356224,44.467220437656785,11.695765755085178,48.37332876249976,38.90332497406401
071,28.147515523691286,95.18032676024491,77.7639102334799,35.64769780176429,26.096277108490447,24.819705841522513,75.04895510931252,21.332035646703424,38.099267099064946,60.951020087080636,77.89239030699098,38.49678797464529,73.05839605578073,39.28324155283801,48.8246808997925,1.7473454630505687,83.13333034202186,96.61596298403876,22.662086652656836,13.912720763343506,54.121293730429564,77.13969923205458,14.070070867843736,6.995054543920665,89.42791376067063,37.934872369372194,5.941980197620985,28.516430681765687,88.51864871861258,98.88229045051848,89.56897138219205,6.9024708218410655,86.7638155925025,92.8823075517032,37.526723817360256,32.66872437494736,16.82351998932021,29.891384586549,10.941351534704255,21.324705300962698,41.881534229913626,32.90426114325055,96.61944960158581,2.089750788652645,71.11788940266946
072,72.090843794038,14.846705491308033,17.833467823344463,64.97571865289905,56.733242221269755,10.321048000138436,43.94246328282958,6.68985409214019,81.08538174236554,41.826491011716406,53.355236602403764,45.27297716175985,52.00140556817992,33.998674959153306,52.33535310410044,7.4008324008751245,2.066782561045864,32.2597834440702,68.70419497285405,85.77411768555909,25.258691453803888,74.13995377481979,72.72910330537871,90.47841029428011,73.50830899966151,42.29935493599402,52.32295966925862,15.080201972796257,69.65585022275852,42.64029072303468,41.83133253249678,45.306330123480215,71.50430949677832,44.48716843708,36.48011790582998,40.246925369694644,34.976193870660936,66.9282209262766,15.95730729145843,56.72938640809335,80.67558119244809,57.560500633781224,56.15947184755092,27.821228440250554,38.9485905899966
073,46.54539227469622,81.64133086728535,86.31990193786548,2.5437445600370463,32.72161527914562,7.484351281441128,5.546623410634217,35.65365168143882,78.16681260319834,9.797796646997087,34.8181616218721,3.903512019891174,12.258339410379541,77.95929505981401,24.361182796118502,94.71639690530193,11.107804811296093,41.96434910565103,80.7812408186278,67.49577938429158,99.6866234644283,32.07548211865899,55.063445787502936,60.09807328606408,55.9787077019941,33.18889202915318,68.39632525900478,30.712914680913094,76.27276950016574,46.16215782948634,81.9242246510484,26.212532289989113,80.41930703452311,27.448594404577314,29.69965699969193,29.702377160490016,58.18947711197182,3.1554877305650115,64.07687009563868,75.74700403003187,48.847270832673985,61.969290838380694,2.3848530033597726,22.81309897234015,82.48217811177904
074,35.09110851828365,25.164512862952837,81.36324271468338,64.68343757595753,65.68052759732733,67.51021667155896,92.66688344061485,91.43498105918921,15.118516551162385,62.502338019845034,7.954997480946922,69.1994388868608,20.565650751597534,25.128901101163468,45.15315617702571,20.19499782862778,90.48279090632158,20.789900301911725,59.28172095329218,17.681322307070182,62.47114885653859,4.90966483428382,35.71036423831423,39.441109637590195,60.11106480608759,17.758787764470455,37.5828113240735,93.37252551634437,98.80777523036934,64.71541212722775,87.93307711526388,20.700764973232058,88.51509735280143,3.9704272914773275,45.47868067803084,41.07274813021776,24.06949642561409,74.97136279738294,80.04939759393707,74.00724117760454,72.31387499375447,7.309230463923079,74.35063655865517,14.030203186524782,88.12628704000326
075,40.93780251860093,19.016768877967657,94.95179423437926,93.11100142901624,39.479917748279334,55.680173643459746,3.175878851256161,90.04530872425752,76.14694152383441,70.50753092253667,32.81553652929369,94.2903500176629,10.299980345615001,89.78737724634185,7.0795576429426585,33.54930001562993,56.6019201429228,34.607662433189454,39.08383577145826,22.863586636624632,36.6706330270176,70.47482020202602,55.51928514993973,46.397509229429446,55.557032093808175,59.82647141259705,11.480358084570948,16.575787251121735,89.1889102738225,96.41143530821104,19.705335905211477,63.49743500584497,3.5797391405762546,71.4418866038244,24.261709102653708,7.033713872255766,37.33488090578176,67.95419740237439,12.232073744988156,99.4819538637198,98.31653992660735,30.903447009956796,85.82730515301718,56.55952917513989,53.25450744204123
076,1.2315210875881775,97.08008521676082,13.626243726947369,49.67289574171243,11.853763758247847,12.349513920559659,39.10794122576546,39.3981798082339,23.46161435319986,9.465209789126442,98.02311224768368,90.6154770245599,3.457695457282071,78.49639106358613,3.1545288475564304,43.140566752169846,93.24148574935248,34.61120545822725,35.329761976972435,59.363749727752776,7.7177296336410945,1.1074907399878557,11.380177741684319,10.446007721568188,78.36053726104655,23.22533873148961,12.235593381238461,97.67666120751588,39.21458920603706,62.5897303494054,80.50599970210229,90.77688455919976,49.45191677618347,83.49510909402916,92.40652577144176,4.86728168631406,95.64886136784202,18.908737729445022,63.88596752673893,81.39047942972115,69.83936964543804,22.382621283270517,14.20958173094326,44.053670172326164,85.5330919230208
077,28.594535494678624,65.65453697894169,11.37708249720476,16.803242403520944,94.81839606093021,4.181901559991677,90.36536048884804,64.38436919855613,60.59515336672665,66.40313295042634,7.035037185539637,46.641424535651225,62.804376805778595,72.44757859777148,98.46880627502289,52.22830686777592,78.87233414539203,72.68214445581111,59.40304570912178,29.545136789919454,3.9045669677265393,54.74342092860773,92.24745272437015,86.56417934473635,33.04886405809612,66.08005909923295,39.829212890855075,70.29567659384047,55.63081836089156,83.04705798277483,68.19561819076327,34.25876868446151,96.78916024333056,83.97692677138376,23.439469243331203,46.80180987326106,54.01517023916923,43.233902659634836,50.39635559726401,95.1888617792364,60.496347385933916,52.38010367177236,42.277048097596875,6.665986616594036,84.80907795384293
078,94.60490619436104,30.307007947808472,18.235249557402305,59.800107826111,24.080857239136318,13.73420746750053,62.93382873944936,93.21096329662974,99.54985673107737,63.51243233553656,55.64401103060722,4.856058725340962,26.409892084321207,6.388140453283318,7.03388812180056,76.41428168722412,63.95131544302312,5.3858501492664175,67.46574438097718,1.478557821792998,47.80877079414593,37.12336323098753,67.05368311820155,60.623193501091116,83.16358578850948,54.66113785773519,44.30991511586847,15.358901551724282,9.750715605544423,9.15871865154952,18.704341119580985,7.052929248825798,40.17971280676061,14.753043749632296,79.69895534550905,71.66900407214821,9.860203360218666,14.097531486933443,13.836392540994828,22.909101924930013,62.3739618839835,40.12051436158557,94.73452091929767,86.2590862735126,88.6004897011818
079,54.89962507608812,24.90559927371033,66.26321020806081,15.188680336717095,91.75058440164216,68.93584646217649,4.140869267270638,86.74701450338323,63.68452834915052,70.75238066587242,76.36616505589903,1.6580909665566754,52.151162235783566,18.118062031509226,44.462433206881144,68.73258817397952,82.04307392658971,31.8394607207255,14.887937695258165,92.50630211423481,19.933051034869106,42.54223476963891,32.21010093109997,52.377593530770774,19.666780516748048,77.06542457629156,71.72544768636266,55.69364406978675,9.178835752598086,22.101714356646877,48.84476808719455,67.16299118580855,72.52404346605313,69.26640065543107,79.56921906614522,5.548481150829439,12.952405547860154,79.27662211896683,43.42168920208425,31.49577086483248,32.82110950634502,58.0567434374087,24.925333711649987,10.687070122902206,42.64377229013101
080,17.320567062940555,76.1911346293862,95.59045135452193,46.55399232820587,77.86489469091332,64.34782361274078,83.83679053682378,65.09360235735927,68.63021038224352,49.40891767235714,1.4487200848652029,47.78647643403606,78.99795778621052,98.68089492134327,51.53652551332396,76.15931570800088,34.34136688356101,2.808869092033947,97.61435239270052,23.250938633406214,86.11423316997848,36.694601115096376,4.106860628610601,5.483842180948698,1.429544408101726,24.87580842243342,49.49418193570358,78.94513178779673,88.828160488266,62.72645431755882,51.01545954350168,74.71708519192663,5.256868231621447,98.79227872795532,17.297967710641473,86.93663815348354,41.862457767562645,9.495800402572298,88.18092221537319,46.84408343551813,50.762879222288895,47.01282543179426,34.43065185218535,88.69351380150852,57.75370380601853
081,40.579640104471196,64.34604305665715,66.78604804721304,32.71710754381829,86.1209542962933,55.54687501407819,21.415793311632104,3.4170102934534006,15.573656142025193,40.152367512070995,57.08735980048613,49.59883758271033,58.76480802451553,25.47436309554382,61.86594741573865,27.714473886594348,71.51005612936636,78.20945627861829,76.1222492483879,40.4792725303945,89.62178135044145,46.740969028438435,33.91893524086969,2.1075310738387785,14.019164766412933,82.006621105993,76.55131739986342,46.17098923857446,93.4104656773308,28.647199727192543,28.57282566302919,23.82765959898146,30.17443282064961,4.27601795365822,90.62309451123741,90.96704934302923,78.50891154641316,26.274511375164202,38.8373875201863,58.32055770221286,80.08606722231981,59.757951804132695,46.57315689373654,66.04942592321184,19.7077720062092
082,79.09368313922093,95.1785396029133,45.358269422105195,58.838676582377374,89.68935684833457,86.74818431309855,39.9779901870574,12.912240441833674,57.28463849077736,59.094291072742706,91.39631783864957,96.26967247279146,30.00726151462218,42.07378958450099,28.52281899522311,8.342360354465852,71.8445378513696,10.152677610398813,66.41052198108811,22.74484321897169,91.61569171834303,30.439277733477027,25.630843530137202,69.9313633742128,9.949256504231142,83.56621602033391,58.34482692540092,61.428819364862164,21.613203585823953,53.37798695468737,73.67469174748855,40.15607527388889,91.94059537139645,38.741938811838544,20.72599594517555,68.53205899346717,30.794662047129588,41.7355985421565,22.383973245153797,25.075672486032758,90.25750917849555,16.902635205075708,78.87792315735508,28.85290485859645,37.018132805750824
083,31.989119348298043,2.0756642718154756,98.39795036137944,93.53618972911549,45.25571728604747,42.067391092499946,50.396319969829634,95.2287351221991,30.48918541315899,22.680689104755007,63.651863450049056,61.36861518988489,72.22174208906632,26.48350840649083,7.350956902673012,83.13682148272477,60.23915063208504,21.249916447616222,95.87674241217789,9.686206218260942,35.787928786525505,26.59967597490684,94.15792954910266,45.82677445226573,85.53059553468071,48.636035492338365,78.21071323401787,9.814507650424188,38.93256166547163,78.91569147072158,98.02762920621153,79.45453592969098,47.374808957861475,61.875551235603524,30.182675129670663,1.2183008692179709,23.976079013647272,11.343436023137956,8.030260321851186,31.81643259129673,51.63529269089594,28.805070767372744,8.142512271039259,78.11783179310913,39.162300170109546
084,62.48599461238877,65.61784691756556,78.81029548408813,48.46593062679082,74.77451685857378,11.826927802578371,14.089853213133683,80.943895713327,39.430647977193665,58.87394059821492,34.420680422911715,89.67718601005191,76.70249728985296,67.19048199067596,67.22879387958662,78.57202064616808,62.29177122261848,35.7840910800779,7.472191826627882,7.199629293652655,38.96928320923035,71.20651402756603,19.22234663623632,84.90846355943248,82.93170699104203,62.363918249958125,38.57724370975568,18.709482618532068,32.05582761154528,40.97345262340758,4.23852020370234,35.465025116989814,98.05589668089229,9.844530199129109,19.438720317802225,36.2312210607681,94.46394697988254,98.01267991941666,38.50912071192332,23.455218900041633,56.62743789715614,89.86926435577438,50.0917070974947,47.842896748602236,43.173786866833694
085,56.28568687547493,86.53523096522393,68.51533200448854,80.30430573875343,19.543025350676793,86.03914864472537,26.31848398319009,74.01033636255193,39.95137823987127,94.10223732155784,25.632595733311874,18.632464563356468,34.882343417489,48.785790595080954,71.23953030817758,49.24865519734913,44.96047942900743,75.9425214406878,79.16615968875202,80.13164745210513,91.7586663471597,90.99169803053617,37.904472997465156,33.29354409819629,19.0371041745351,40.64177610526463,30.89829530385485,4.816786396478085,66.8483921855736,72.03299849128919,43.90153428883171,19.75873970288071,82.75000507393496,40.0418518067764,56.65673349884432,35.687924429746936,69.39187846816543,22.722437003720348,58.48369403634065,98.72574712959661,90.84615294239637,47.388086437140515,61.230315438493186,28.945121172137192,26.251019987946428
086,51.72460170547498,67.63743521662329,84.15750782528555,43.66020091141283,19.049780804144053,59.11216472999736,1.7411505478225267,68.68717702233951,8.608797581059108,59.02889022278615,58.3916650901674,21.84427240066364,7.680991618806017,38.96270676771968,95.12933770885964,65.70047900084785,74.5595789600811,39.300474944918854,70.75808121949271,12.646515697121215,18.517100071189095,12.876145469687783,74.53415051753454,79.4677023408308,53.83005002012211,86.01899188216932,81.76592771915612,67.67155415238207,79.06563290247723,8.748915736241125,72.70652878234444,66.59498833023915,6.5490573166582005,63.14753077180234,9.556317971966076,7.925342012538085,52.34214236540923,79.93445988558246,30.51445684699975,36.88683588154897,61.873746973760475,16.167760715947406,41.2191782885158,87.6687645176428,33.76145998656797
087,41.7475681923465,93.82531666530653,60.647597709772604,96.37927376511512,6.124879683252124,74.87409015896401,6.964957376135852,63.87916849964382,31.07664404611588,55.48749059805306,76.04911120818592,39.2706467937828,94.69619832678903,4.515397385167716,36.29483787485378,50.00186685216561,40.16881765701391,43.3464803704183,26.71533771176069,35.33561274792644,48.91876305448998,28.933904123129423,97.21455390388572,57.49732948020992,32.19516115742967,96.07656942347296,69.64523740582476,25.493552820891026,87.60364487647352,78.13514810018829,52.1614897909588,87.51588375474631,62.55235192213549,37.93499232495537,66.47146048626749,28.203784863368234,43.460203674390705,46.24044614932011,32.44857346476923,48.67053472094185,84.16122859582113,69.89254554195237,12.119464782823826,89.35806374465761,69.31387248549272
088,74.4651267888923,95.47982598230017,7.586571558551665,91.14199442225107,48.781571865064116,19.503090587610433,28.608944246848925,29.875136117505352,99.15234939476316,12.04083269391099,88.27676254477002,70.09737484900289,14.82107281672902,48.323955600675156,43.555517649911025,46.45483277779337,50.03049434922116,60.73355582156939,46.64082766127636,40.97521026856382,81.88888161771199,85.87508535260578,19.189250125497587,52.685320066868016,85.3609815603257,6.00149588337208,1.2008966398441485,59.68469416518292,22.553279415626843,93.48407191277389,4.127216921959536,18.86637863634132,26.288376517978264,96.16617912537373,62.079522315811616,50.159326709534646,54.818522075097256,11.953501801781542,62.27116489522034,53.291909033513704,56.563677089948506,67.94884622791824,44.98678356406057,36.57576303014133,86.82298475878049
089,30.19963593209158,77.96374284848167,95.87682522670248,29.480198641589354,6.947147778107736,24.62486899802182,81.69609649455282,83.77313272175734,47.80430385798404,23.321844184031402,60.676045544225914,8.434376507239786,98.16974076018063,81.4274339756174,96.36842223301205,68.19378992512803,41.73453744106208,16.23736490178384,66.13983777081305,69.0852526838278,96.1907874774048,54.72095770534009,12.720892918027108,89.21975375077807,67.2760891178302,50.25589278710175,6.200398145356217,17.676333854592254,96.28819745791384,44.78870731358127,37.93471122745823,6.3813930994630805,50.28210818521552,85.79481756973915,59.1280087506599,5.996408820985583,95.74063027213307,98.91482528880385,34.991396403115836,73.5700955292582,82.3313261569532,60.85500576697153,2.023644494005728,63.7186653560033,53.85765364667139
090,22.618303494560738,63.46423714541805,95.33175181940105,64.04816524208722,13.408373219117916,4.431374971949496,96.68073431648942,53.744711532775156,68.9631060507506,69.54821123300437,73.56530883728158,95.10018821989344,59.21984072515393,97.3722090431264,60.9166113340558,83.92520410643927,30.48061977000951,97.45478808108408,74.06108527614313,97.17930790258708,95.89656044476997,30.395844886022267,36.75191219781108,48.83947794403942,53.07435249117909,97.64125610420128,87.81241656733042,15.931366388064149,62.71751395286814,36.985419909778656,10.52283387892866,42.44777581116158,67.4910074360665,42.97709791386795,80.72094970249672,86.5377501984157,15.232977160461777,40.65408982445075,55.30386577249966,4.798698748518833,32.53024305444739,15.918148871295662,48.77416241541034,26.421789935087205,16.253736151922766
091,81.50003140397625,76.99350965668282,74.1914479928398,94.83126857346457,55.24017779040761,53.77805688264744,50.60461376780202,8.676922749583953,84.14769460915073,59.18290567451724,42.47786468392156,5.922703858888944,50.99523694783509,91.7640487227166,92.06026908769364,1.236683928563728,41.485957258596045,73.0234464552957,27.181299382566017,87.75396380544052,85.31137448019538,76.1430852040997,88.08468475886637,76.58711901292594,27.002428375630185,95.32176574720795,87.46250453868976,99.87138123633262,65.6516172663255,19.053394528765377,45.65071658692564,65.91781214903408,52.72931008508605,27.700568061977304,2.6056954513779336,69.46175586915012,87.87436095858186,41.79471960822766,34.34299565535108,15.792481610258735,83.27006940565515,1.8604726094408042,68.22283662176443,28.038424937740388,9.965480218175419
092,83.77145276513008,54.44816820982326,97.54224402186414,64.78442128318466,54.01329859300473,72.52487528699663,16.361387342295835,71.3716719672425,18.654674457307753,77.82358594351564,29.00494120394736,70.51563748723504,57.73821494318278,85.34172502357053,91.721913466471,72.10138868832684,98.22013141894682,87.57537968825102,68.84748377977893,8.50683133698557,26.765156053943368,77.50903365190892,78.28976265328258,71.47676621885093,9.116707431027432,42.812309923125575,29.818640481280006,14.960287860581438,44.27997644714008,16.640941842157815,60.23082939328625,63.17738101960667,62.25504986183078,26.246527943528402,21.89925969342669,52.53383031403401,49.25791579621624,3.997724883565875,65.753405906075,93.82478862579374,36.989717546563014,47.035574905406484,55.402461460669116,93.90603098641887,70.41331158817295
093,34.49590951812227,72.17816624485741,8.490264069616764,18.63104909504506,1.252737154646843,52.73858592814031,87.42163388080782,31.127004334043477,30.68882647251064,54.678475353080415,39.26999515052485,10.324207801844697,6.955026325731342,75.12701297202238,57.37511630445169,93.69416725463162,43.02028355271438,7.765638735781861,41.05751665974606,8.733505275507222,29.567832928875116,51.36544194219069,69.81323760803534,7.798535762697604,38.760369898637826,36.58658877755057,10.19291454368072,67.92253744690197,40.15595118465548,82.04113148529339,35.32640628130047,65.79551821154467,33.49845533200576,74.13815024480586,82.3142133746674,84.2151604651473,40.2239271639419,11.885399015410659,54.15371803834195,86.45253593917367,80.20200746606427,32.33252702115024,73.8213622216706,69.87628326941069,13.000899567811805
094,14.866025958197891,8.549346828481958,79.97121224102155,4.475647642789182,15.89903130879287,2.97373783389291,4.703359084050323,21.084416504189733,87.60464337547681,23.567197670672282,46.71299983202435,44.62966982102643,22.01023550144554,5.644494406322853,2.2852357893795343,60.63837489737073,86.67737673106912,78.78969257032523,49.40365871137574,95.74370497464821,8.800329207618734,85.51900263516815,66.77216218004878,21.232876856408495,45.10138948160613,98.7095979488824,24.23430706223094,89.21867911216941,53.359808671434905,6.857244751834265,24.668278545249663,28.803715149565004,68.56869990226981,55.3973627765776,29.604592175231826,5.30569388894878,35.42395993800417,22.39981277718688,45.9261306358304,99.22927709470208,99.67392640636119,98.28392771927469,92.69148328801832,51.10835866203694,56.495203149183865
095,26.826494294129926,69.46354568194947,77.51935682521447,98.86648964573061,1.7523533735186951,19.350174527102638,74.47144461256406,4.0126238300783355,87.57199945696107,79.2559816479168,19.030045991767004,44.56096203133364,18.23410520262005,81.79147756135522,14.186708205606855,78.52895976218088,9.257035657034075,23.39930502885228,41.74774382499525,81.15918708322741,20.68540276304233,98.71389831464633,29.070889225632204,34.47842084755618,91.601902698177,20.677207173768952,87.73993054976394,8.466280680476935,26.739269385903114,18.173867041839163,46.55093341994994,94.40581408489871,99.65826631603058,5.361995877884473,60.5713141497989,95.81851226236252,85.47877508033912,81.10947278029977,37.92357112234545,11.828469577245317,87.18099834226305,25.304687498893305,86.1863698448977,44.832837215419126,11.324575565123906
096,46.380345110330325,53.24154917515746,52.742347014921165,90.23359695109113,67.65608150362046,73.05952061234018,54.989509542067616,60.24371116171995,14.988544957838497,50.25604476371725,89.46588518725393,39.83367513201116,79.68896217840505,78.0011739225365,96.73140213417614,48.051069083802176,82.10746910286275,76.06969291543494,42.071749277439004,50.946932792258416,54.234579024822445,23.702767116507342,16.030475787708557,26.128906279402614,42.85291990748925,89.62972798908139,40.173797405633955,31.517367811298513,42.00268285219256,5.506046576320426,27.823574151067476,49.093727293550835,52.05031308784623,27.248538116678354,2.255537407441664,90.40000664697176,99.02531210394741,48.36731092599615,59.41241803329013,80.3029419714578,74.47433904187737,89.21442112294262,44.45787812345969,67.34870977644613,48.51958399593746
097,35.33653508043279,7.646348912961349,35.76916409429601,97.5407697337207,85.76074509641168,24.564594394193996,61.11670452597691,14.492830782399055,4.4975024160367365,49.87917074682878,7.2110251841362984,92.4713618370379,40.960264252686045,16.887551912989977,94.46937511827454,2.250541289292401,57.73819393414178,4.30014433615109,56.66607710512994,36.33025392039014,35.06864702616989,90.51418547010512,26.20681504613256,90.05883906788614,96.79271197552592,55.858156747747735,64.11708923263845,94.59631050637876,38.53652138580353,69.04510315270923,51.4627380935027,66.29615857196927,28.648280614627925,85.42636321612007,52.23352015952771,21.5945965535232,8.218076420769373,57.585779529603826,76.78851004573767,84.59544080638776,12.942960602944257,65.85337894406901,76.63574826748606,66.14428094264744,10.407641670992458
098,34.7677740627222,44.47262741743639,16.463893818559587,14.145491595656907,5.911794392699826,26.9241749544828,65.38265614986213,70.30974585249407,52.215940566907676,9.892684897023535,14.271525811381213,87.14734898468431,48.63312609760806,73.42436149237753,29.50164920299291,30.32644847741316,97.46222877952061,37.628880081879174,48.616132365382654,28.931206079074204,73.73317882236637,24.890048319575,6.0921780214481025,84.63062821534989,1.0732864910660311,67.01647860507178,59.03164483830999,19.724272463878087,62.624889365101595,82.28089193804193,60.03466898493047,58.31613546001096,62.2811682178047,20.38569416037455,43.883387690598546,92.75699767821382,76.59758429907865,72.97918939293423,63.5046088604879,19.53015062748868,96.41305115301962,84.7531433161366,51.274766046448285,88.07369846876546,69.97274267277179
099,19.364008082881455,18.48289674101311,93.55850990134745,43.6025943031491,16.31939246938474,65.73079890817456,51.358235801593246,8.652959818233903,47.955600486106064,2.677182315417374,35.59417464835352,46.596562842289416,59.94944443958454,37.77604120557353,95.3172135537831,21.95890283730951,89.78716408281177,54.72894685511355,91.03518227545605,20.02404611782353,53.202350658577934,13.961556218429287,15.770675452017226,3.4405818015944063,36.972805395057705,95.69366376280111,3.8419448813395753,7.364735222175467,40.265551652462435,77.42707027903775,17.54077803405941,87.6701138744139,73.51440932681038,87.95999291040557,14.612312064761445,24.35494910612245,97.48228389388498,86.67636695786364,19.603414593657654,26.479386331140272,28.37071006297972,11.226123802176472,51.66588140276015,70.64632273125545,49.81069934537717
100,83.95738896994986,42.595511355806984,43.137941328301814,86.11767382317473,6.347458409744835,14.067992078358687,22.78938712525016,99.0523702042488,35.00817063699914,46.227522094519415,17.553914368386675,90.72621643360979,78.01228879763329,86.23957658562612,90.59557786351444,34.689326610948406,32.93834920670662,80.55083379352234,70.55595161365417,44.843406964482384,8.61795360319368,59.89890221642552,18.4332461903504,41.13244639770216,47.20522632140207,8.433851043704522,64.29000340806631,92.2467482300333,85.92493580629456,11.435083145312161,44.2154367589418,15.343668562869363,95.81397939583421,14.889642422973575,99.18572670751017,99.02374553675345,24.71198236112881,33.89083049054738,49.84716323357704,91.5659782165203,94.84789340277159,72.43882001353317,27.75165991131316,70.93347494813901,77.56067390187673
