"Writer","01","02","03","04","05","06","07","08","09","10","11","12","13","14","15","16","17","18","19","20","21","22","23","24","25","26","27","28","29","30","31","32","33","34","35","36","37","38","39","40","41","42","43","44","45"
"031","91486.59300335225","57523.125197394205","76371.33129561502","64122.03055233657","62445.90239273431","63184.60416627604","80935.9592044631","52921.73337656816","71778.18286991783","63642.7133341163","72464.432178079","89861.32471294154","107811.36308696948","67400.8979083294","64168.37807090609","95081.73821022362","81272.49251552942","80531.52681826871","90337.62293013316","107287.3585849676","96111.70601029204","83360.57256888789","65430.74166495409","75319.05653858301","74470.70365143394","63313.12136875434","47296.99870293594","71555.67756135573","58911.41929604264","86883.8880097614","78917.1102732025","73742.63922669245","72743.64808906445","62945.5454355078","82614.06456152507","61903.81676679085","114586.81420874273","86612.3574275547","60951.028461064896","93035.65168849856","64623.43346024022","57067.58686017473","85862.17175548742","47815.35222906629","84831.4049100363"
"032","21487.75271214867","60430.02427882274","19723.47428546722","21974.854289890944","18227.604961375764","65955.6789067049","30659.24498706851","60261.38941174444","19484.0792421785","19697.53353541441","45943.5337843605","18863.70675660881","12837.230613063091","74932.99356358121","84542.91942545227","43566.677247299565","37246.78025718413","57590.244715517685","18713.68308437746","15959.831550103065","19465.05039852925","11870.911562787249","16372.343224127151","43162.757878447504","28692.66817449933","20221.08845591636","15483.383596225978","35878.10062407712","57363.58351245236","53509.2151202926","62736.36948226298","19551.16173656752","41364.887656373176","93376.4184826121","52021.23631723187","18332.11253810001","46238.5535746603","40983.48697065507","55560.337360567646","19946.11636908801","20525.95465420638","14330.16553490091","55285.60435660376","57260.70515188172","43013.52131327903"
"033","47207.71359742696","170210.48862021367","66309.28646439502","31747.798926085263","67114.11785160421","162377.71143951098","103654.68575036954","158345.23856446988","87265.53274221742","51209.24087305961","95083.29962132854","121173.47406192691","35399.900494330286","55398.43502804949","89846.25629846287","96644.84987320396","104161.57877262318","90076.32250238354","54111.45535407258","91064.63400278092","93671.40165116514","70172.02973993336","101396.35447389063","123264.17307008176","160505.4680356917","81565.54347554572","103202.92366118277","110665.46511603647","97048.001444148","83695.69178366184","82855.93758028874","108177.25252877464","42858.63989387551","83820.38550627994","57803.63148205444","52290.50528540545","34880.52254582014","65036.69838359439","60211.09926749259","198599.48321548192","102621.98952255875","198748.5951833616","85163.05598805899","41925.42604168","76915.36872685907"
"034","60362.0917723359","89073.33597655362","93460.19857066272","119550.8863927254","77291.24895315466","98458.89320472734","34104.35883773196","34571.90384651521","91877.94622826876","68066.18449286147","86662.67388657342","77943.85262881684","80220.42274028092","46765.75707119629","53477.14339400359","79644.14811044064","122109.41719384764","60657.27060497985","106979.68880778324","52498.438876928056","52938.23786563686","73770.19079313472","126882.754031459","96171.05359653934","78948.3545903145","52938.36341368435","48884.50049132852","51276.29818169181","52915.706836237565","117104.3878852458","64461.66231665428","51083.43105436091","56601.32028547584","68797.42901474872","62159.93056804368","80692.44428097457","104638.86821081847","79530.41554443634","51997.928589660536","128011.95467525594","98613.389058868","86456.98475837814","98485.92816551671","49037.17853823557","93154.83470968626"
"035","25466.269546654963","65627.62651160418","24150.182044475463","18467.13853197691","87994.13839578317","47740.58571962626","76735.42755193089","18002.726024897325","83620.32671034393","19394.62435451243","68146.99569073171","22152.799417149326","23527.266494938773","29463.69333628072","20272.199759245774","66321.36693734316","51252.59748345365","22534.493686540973","84339.81193508058","62399.119391478846","24162.75637932144","92109.85612383866","67474.74767699881","49718.68911653156","82230.7474049","108862.05341455598","19499.266620716524","30846.269603688084","48575.02339657318","28144.63459130156","19525.706862581887","27036.996063944167","66634.14304096586","70045.82546540932","77842.51154544641","66855.34821366612","28515.71072500676","26782.8264667083","67009.96079958188","76537.4759023474","25987.389805506347","54614.24269268564","31425.69101828987","68644.0851258384","64824.55834416647"
"036","54260.474367905415","72961.7655908552","48414.864987135166","45685.82970817615","53210.48088298948","42709.8868621474","47555.00380748461","57608.9778828776","54520.21390650059","59722.2271987198","81227.57945341755","57492.054542770646","48999.009573477546","36129.33691125916","43634.48355815461","37388.15670270924","42484.21464275852","46092.74021282682","30127.75076175173","42784.477790585486","79110.57093064286","46326.62884974189","80561.67981430591","92589.44571161312","68096.6412719622","32355.17337322573","40016.23100472692","51925.0996163155","37841.42792169449","58509.29603938409","47164.056379529735","70977.04299812255","44154.27396139263","42696.32958244006","76246.81463142158","45505.177545310136","52797.96185317992","40510.79067556001","93376.8263355791","51794.97479071596","85470.59084152892","46945.96124231733","27588.216197321228","60547.31988686832","79227.3913898065"
"037","9457.911522387802","10461.969749527245","32836.5044348251","10962.147922600809","8406.928423135258","10100.500141562929","9596.279692321012","12970.998414004103","9727.563715662856","8753.069032166713","30878.161251997823","37991.41938705582","95410.080917657","35204.27054613946","27353.128205454348","10757.927535872255","10997.926817017647","12503.874323832157","8975.575438202875","11751.813843873357","31340.12729305714","5171.986202714587","31765.28670733689","12867.564532037077","7820.310684083086","28531.546959457624","6794.506190115268","7404.800581790534","18937.49298584136","10686.023883625649","13443.38726118628","7685.593424743032","16183.4288519092","112214.41409886073","10345.860129716886","12340.94660569914","12847.784184981454","7134.416802677435","16306.735052370892","37401.75029372533","9863.254406841736","9836.529421226507","11894.88729302642","18398.01822128726","9756.17230537828"
"038","34758.30936079843","122389.32831820913","69080.8279675793","64908.29700940337","30617.04769894279","40444.83304694876","105455.09760205916","56191.18339662692","34382.36757846403","55806.53338665441","76763.65662740228","26451.3479706352","65110.139396878345","34271.76441142101","56999.55486502405","72491.64433852055","70181.05760037308","79099.39959660114","123316.3797011108","54712.01089332312","50267.9874816388","37868.74263934066","37979.73241784899","51911.23813499322","116861.0930403799","128562.12764208626","41152.08813293413","45086.4371356692","63300.75961108354","53166.7133594179","38159.61451820765","51937.589333544405","117224.46968596026","115447.79821111476","44745.1460971088","69960.34521751631","49287.623519043445","118748.414144603","34281.92103518864","53307.51493843216","86122.44546134619","60311.011517560924","37807.82159203351","102861.12505718316","39755.08122540832"
"039","34692.10023582344","50579.00574044885","22773.833873373354","22087.62994296173","81759.49252163139","27752.827371931697","93971.03838273052","22407.16516759129","128612.39992266108","96499.1058690198","26686.701527281093","46927.21719100528","31130.406731541803","82768.82988175438","30267.64637853737","22666.416375641656","54335.93019406472","100859.88467973156","87267.03979216084","86370.2311277188","53387.31039336893","84654.97393792683","60883.35637820007","88738.25546554764","57166.46796653848","47794.385205885614","81757.21217684838","29585.286593643163","118235.9359840501","74696.82208815266","43693.94758192351","32948.87242310647","25334.454029925782","117945.98208486824","32412.56553332438","20836.222885809453","55245.91112997217","111806.09933514742","20343.060932373468","21283.02096229978","30663.52153221995","48770.318735771296","98629.85853513137","32134.64941237524","26783.556405296764"
"040","18507.550637336","34562.32612855486","28543.05637283214","71409.76089817408","37535.043125706485","23805.238832226914","41602.62506451203","59568.54610503735","72511.39592403572","68763.6760402602","38420.534079913305","103762.20906461784","27416.694476340144","33335.54379238391","61448.39074822794","67995.64901516734","34476.09686740264","33553.80896631888","31348.850312629136","58339.67691671156","74048.17289007938","62495.194640729605","52602.39832589735","27024.7548830782","39496.071174140365","32989.70669553026","28105.355187386293","69631.58708411286","36287.283524209306","42348.169798805575","109401.3701175462","77665.4301002452","72720.93037404343","49128.69050692584","82528.84108851907","43916.58413430442","44811.934653243145","61431.42045139622","44160.15493936247","29842.19918104363","17095.495577110694","43672.29883211795","82362.78240825867","54427.51729512706","70759.99393279618"
"041","174316.09285905582","39381.14498394232","42515.25368968961","149330.54650239038","52597.06396573459","44698.89600758223","43304.03730991899","144261.0540362003","78678.55752308991","43308.14220821237","40154.37180761262","80201.5135740449","111065.8255084452","117010.44178117628","55514.23648532262","27176.729523389848","136242.0589157326","60195.749397408166","66810.21046705614","36772.048138670034","27434.618969842355","40129.91493073855","47770.26613707472","35874.90298056271","41308.94563420192","47741.25544917828","46430.1272180249","73607.50810426477","64091.76923279558","74740.95278603837","57021.50540547074","70433.57439879233","48540.64692921402","43508.81970065714","82420.04366607721","92187.66645332982","49782.41648520968","35861.88513496654","42232.71492628343","35408.22301197002","43254.04080254608","38100.05030045037","43521.189795961385","29606.12010003076","27707.09576204273"
"042","71356.54616308356","107916.02313477708","197516.93848670807","99096.69022360776","104909.75279380802","133098.9928614199","214920.34668981176","59906.76079813168","147856.72646452396","47577.01937739558","216192.5065017","65090.31523262164","134117.62848263254","63547.37819593757","73533.33551351364","148542.77727322874","109647.76864156497","75751.1116390751","128233.9573013944","49453.20914975707","62222.06240012968","133475.2679406006","105757.35330476925","77299.03098532173","43308.24084820092","186229.1582898358","98838.96224857566","59059.06337762683","63750.05214829574","56351.74588337103","127884.1226557739","127813.55455385476","61634.598804697984","54379.15217596423","58564.99725221502","193256.72180483805","126666.70339730248","55973.321738252656","60590.81530150458","186306.85591850663","119616.84981952504","67230.8716175971","87505.06381991929","111036.0661475032","122572.4476152955"
"043","40010.04889420754","51450.00667923848","34082.92634787759","39162.226274960565","124676.78999174872","104229.80572917292","83990.34875866378","46471.905556324986","61742.14952905778","30187.749631311144","102253.32013850274","33429.177308858096","130604.2409860012","81351.00438374339","35152.33835030026","43731.56619174684","45050.03486154571","29491.68161943708","50129.95997108438","146827.99125819202","65291.96200491777","78933.09365811147","84706.40322373922","202123.7070153918","144499.25192348275","84644.75480023697","102581.3728844516","47166.60870717976","91375.84127409518","123329.27780578865","89124.03193580659","34628.57027934411","73019.93305574603","104512.80886920604","90182.39714409728","113356.5332306716","42732.348356293856","44661.57879099879","56762.2856977439","39026.64171427836","47240.58037081319","47919.10587801752","139477.82263193192","81701.07374045019","44275.08103093907"
"044","300670.33199248265","453178.9307712476","93068.1689806426","195737.85764428828","61704.074041880296","137143.68182595778","148598.9819411843","327060.6629953976","97445.20347500654","161946.16401890677","117881.05508047424","120403.86669072868","306954.3894828304","103973.48678146012","93488.7427930328","183976.7061291672","103890.76392676332","107197.00077393527","364339.5101639344","231004.22136024572","358150.8144284947","315241.6038303012","125238.56312332234","110892.7872431488","287886.0558683538","136328.6840057639","172840.3459026301","128398.4387351794","170233.9227956078","101681.1018839514","139023.88936999004","385487.9049339155","327939.27994827635","188398.5796684113","248291.79620247503","166662.4970398589","328635.9473867845","168026.5929131419","249806.8290008971","113557.95117093124","165214.58793560264","52158.10884475137","196648.0039085851","99076.07803485489","238033.3461391225"
"045","96823.83043080714","71136.22944201068","113037.46678805974","115040.57868286064","117556.8610035608","155286.23495997593","95875.31623687469","80032.3335596414","74466.36113541789","131491.68238492808","79465.51553175373","262088.0878738764","84196.58049485761","193765.2429241677","121199.37152698103","86444.16625811861","87607.5214699767","214416.0271150206","147265.83697497152","115448.95150238671","120576.91341400336","161553.43515634543","109393.55712161906","164367.51665142554","61806.30919595226","115936.44469711966","203352.40676194127","91087.29971265336","147280.28929608077","78549.37552416055","84080.46904223839","70752.03154654034","87315.71661180811","67179.24715006271","95591.9248919646","113292.99002388798","126880.39842794108","82684.50944345826","120966.68290303896","90801.93504679028","144188.1241002365","260222.90827379795","105203.9435978478","85304.69445495852","73783.57960327574"
"046","143321.5779424846","83576.85278191198","214111.0492497994","82059.9070265163","158940.6265658291","124155.788920435","202484.46157479004","187426.6855005716","108789.27305427652","197932.25987876533","142676.70558889068","149099.954030203","99879.10714046896","196731.4659611588","196897.27553315635","132712.04768665132","172631.64536967673","59752.16268944077","146491.43504840485","148317.61798702352","71283.5812978686","139596.25327448093","68460.18738073746","138666.0093680358","107038.22213576676","180572.85954885","146701.91555890915","147767.0962655491","126109.46428248414","148906.2962229649","115839.02374816556","110693.45429075284","163800.26754239714","111342.70670598546","173114.82358584605","121233.03599022808","128426.52095746213","124501.97875753042","184690.643511312","138479.10159722823","132651.70470974914","99579.1886126273","206927.8056244168","121596.389035911","201116.9045106674"
"047","117210.74424626796","95124.04343278406","60249.705526186604","99051.6679096016","83628.25910968792","87982.48983093174","86604.69414962939","99850.09544790622","54813.2531925298","72471.09851420423","93058.29394033412","64475.65278606068","77077.50972870315","66778.5450361899","95469.53401432968","78384.51215945433","39997.46505011596","73692.41790149146","78723.50384112138","130237.05056266514","63696.34781097299","107897.42272135726","48205.76891721299","80657.30741051176","52171.09378213948","94594.91439142174","116624.31636570256","105943.28510137076","84761.05326041768","122248.3826525708","90829.1036460582","154617.8166984514","103327.41730217586","146718.2486025601","98530.46824286948","106056.97884907166","46262.05229795228","51612.556210868446","102423.60966894284","58980.28431692538","71476.08850656252","50373.61954395155","75106.52373721846","157969.12368018847","84257.24959906263"
"048","18925.651473893508","64291.98667287218","18256.89539145348","15132.861763137871","55463.22015132313","16976.148132605667","61181.70347189265","55955.259426391065","62710.26267894589","62854.22858462136","25317.257448977707","54333.25094888106","59056.8512644841","18897.03789589336","56104.95061236717","16952.5559251493","18399.227803571925","20494.077558545785","21484.45559631192","26999.421840964234","45894.31329943239","57185.203086709575","19135.92315656037","22087.025739360124","67949.5006552553","28716.88893724616","29182.047539046624","23954.07685134604","63787.12699688688","63117.07853385395","63484.26976856322","52461.06407575574","21387.6634833188","38023.52141744","52510.2039566245","29895.11253743132","49772.92153040887","21773.426752650947","33298.461508205626","13560.798241338918","15805.927389247534","27422.46787047333","12348.650089839502","67619.25415122189","83042.89084252325"
"049","23777.253646004785","15288.30161541812","68082.82055758662","51268.05010850347","70905.92392950368","76692.43461883444","38477.531155126526","99274.93712563602","26785.85821781184","90822.29641202863","24080.08969120709","27457.35993415956","83802.89084289275","58494.69875642791","18466.720411421546","29184.79991493377","36409.94709918491","60173.13697476756","14857.502271281128","84521.09594293713","76113.18150721493","146364.99416408557","93045.27407610705","44396.48533077374","55967.90925909408","76676.28771047665","73414.23577638481","36556.48481134056","40819.047806722265","13907.708126908105","80878.078603052","17340.889267244573","69906.41511179466","108471.6841404818","21062.044994324217","26118.75426347237","30543.05008212474","99165.46705419489","19340.73509448165","13158.864081245389","18278.18525787737","15034.47602538075","16360.803439927562","31433.36064873785","54573.87207528021"
"050","44571.03547596389","44512.09080694657","22419.744813789457","78594.27771675604","29970.861378194782","69768.59840180383","75516.20429482407","26911.957525590384","51950.01827543189","103470.6535239324","30486.46250600137","62371.05707355656","35889.74322340386","93756.38695889086","57067.45689707012","35801.70574726914","92197.35106154434","57637.594547495646","32292.25318704154","26164.045683035973","30724.21012347865","31736.58547604466","48868.83999192091","88771.45028384404","134245.6921318358","92822.47329206573","71210.82110632978","25291.641975015045","43068.35870912381","141193.4837311108","27575.73275340433","87105.46860382624","39952.75125544367","159710.80802024918","80983.00586767534","99654.10641940065","99314.98927610522","38552.56128498821","91577.70310610007","122311.3986210982","103994.35882050169","70430.61722576078","161429.21057648084","47099.41620183931","45968.29632973649"
"051","31193.99918634468","37031.79922642482","72939.62280679906","102524.4106336338","62754.44672197897","112164.55218604174","38850.43296681152","90538.60255781095","36170.800119252366","61938.69979091024","41904.60315557631","39786.393661530725","83827.1740288915","61385.00661442525","39966.99925784303","116448.97428567384","29304.77143259957","32542.41688168329","34224.99900529208","79407.16447900594","27110.43213675728","117683.95096525912","59670.68335598467","125270.15784513128","56154.1326516761","54091.28527791688","171971.00485158278","108835.96705893504","54878.9420727284","72288.7370588291","32843.926290087365","133356.71816644954","79081.29560142994","135415.7887048158","75343.82776779988","99282.10499548614","48150.46314102472","37576.21492019991","62547.88399660665","156729.89004823973","62694.45668703764","68208.66338394971","110266.63749283114","57777.63130165157","29837.234743278124"
"052","106772.93960742612","81512.46555857421","62599.93170679994","69293.58238041066","33897.85202254992","100514.79990494552","33509.65596545473","32891.29124000166","75641.2830393519","28616.0332689102","45419.69594826017","101525.39476707103","80361.30106480922","22377.249782205166","13731.650557583736","48860.758194432005","92753.4733650517","82911.73991041319","36313.92117543526","61025.69461147757","22835.925941905283","36801.0665233936","88860.84017235665","20572.02490061353","21415.814927586707","40296.59029897127","13948.623884769677","24203.11360578379","37179.43918296433","54612.28986860747","92722.74285884536","33783.098989341255","24269.359869464624","116821.41644704768","53412.59763871743","49107.21033463694","129791.18118893076","64769.1396966266","83375.27777100206","27864.58593504092","27043.962369731616","29988.53105158603","77723.41457018928","96449.60776830257","94233.45276375618"
"053","122507.66791519812","210909.07517998945","316680.11265683407","76760.81548106133","164602.47862026058","132901.62292728713","87405.06185046867","164862.13687350167","127297.25989674992","120283.94213429154","136633.2714944611","120930.24502935426","291705.20784356934","78626.71603153969","173757.2638477967","211314.74885560028","295058.76677429274","115854.84377089648","116566.3609184695","155687.3445697778","102639.38505472014","162472.4875074154","120279.28268559554","78072.54228939528","178523.22251718343","179301.92220785478","253632.1406338702","105574.81141111407","169013.83518897553","294663.31636336696","114310.95493784748","115350.50545154887","136296.25955066932","174154.25777727165","84552.84934949421","163429.51041208682","199906.55164706588","170480.04281959822","131163.00691067413","86887.91420234728","92708.04125530324","71597.44932841172","204588.64956548784","273115.8267904353","84640.19051557501"
"054","113203.03547184632","130848.48376618694","93394.01059446904","98679.90347729831","112907.544880277","80190.99950068089","119492.8074031538","103936.03798403368","82327.19445603166","120450.08762766376","103995.97608188314","58026.05239524869","113831.414168467","138623.8148276277","132799.6754035734","131707.077599224","125424.25979825796","138514.5052106965","65608.87672641981","134754.7303634606","122083.3716356434","117728.83757119215","111408.99080428104","102418.83986782897","80106.14746057625","107117.117992537","73450.72965276182","81489.96248406355","156020.07305613137","138055.7538346108","174363.7158933242","147898.23466593516","83250.47194777912","121894.34757016784","90642.79696889878","146439.84005254437","62781.54415326735","108341.91762030491","157931.60673470973","75903.16570504878","108197.62344188456","115521.69821564358","99843.5145965574","113988.2150846105","73715.20902573188"
"055","24722.1203882458","95447.88721037898","100578.82278459235","155900.95909007572","61099.36491849824","41886.37951890749","123963.98980771175","31048.815513774967","39597.46691656561","109742.42578778008","34296.186147419794","36770.08276856591","48534.42981963073","26007.68069478236","34055.14495161732","41914.36095564607","131007.9535701235","94407.4021494394","45045.81097443011","38962.86109260556","24808.241142709983","129859.44349585724","35213.750154293266","46463.78344183791","38108.835427097554","31988.64901517585","57144.292627048126","37085.86663976257","45892.7446709557","42042.76014373735","139464.1924042067","29926.75722763373","40526.64596770509","43473.83611463041","113733.54785150918","32364.88573106341","103162.02991924043","39111.28046241738","39626.131414708434","142144.55346934064","100894.8971484476","98269.52397086694","37099.89489159925","122889.18692652354","28114.19438626862"
"056","112200.82409216552","56355.07302068176","68110.15691906029","111165.43393288608","141181.52683491245","104386.05514913896","46118.42473342481","114538.93815086578","71275.69292549376","203296.9142285599","87360.36266019623","52149.92616938373","169215.6829000947","104869.93288997606","59941.08039398973","196173.02667824723","207440.8861212597","135104.58227940943","148833.10551749234","89053.99865371105","85393.87804095853","80901.29952058103","89870.91449110382","58299.58545217122","100431.8115070214","56696.49984809029","84533.25255368344","80706.88947441815","164586.7589467926","106824.7386146838","138695.70883461926","191845.59303763843","118814.3486318098","67093.69545750567","110257.38547404224","72498.51473357716","129300.76797057004","49766.31341721452","190403.33897756232","83896.58893942092","78798.84424728421","40138.858112910544","180062.86340936332","93301.2029338404","49441.33162728953"
"057","62375.31583784017","38105.90652076769","129741.595267637","146378.87880607008","60242.66222854241","50324.71770442481","62426.72083933468","64322.53927089761","103190.60056046148","127796.09546354292","97187.33611083688","47913.054381306494","71818.18488742736","126767.1533998177","104846.75488684989","65096.22454129101","45975.428779262","82645.69205092639","57670.83464424551","145938.09990483773","39607.63603608647","139438.2763027802","36338.537950779566","53176.36893255989","51477.92308337917","44569.04733943717","67101.86939244783","77973.7614546975","144640.27017262412","143636.51368510514","57854.28556847744","55989.66724526773","74220.13385070242","48585.03844577135","145605.7034035255","60176.50760160135","46711.733481284566","60846.50264339765","54210.31994684111","51444.4912822493","59706.56512951116","45116.58068998554","61235.516722934684","122725.4321933565","108335.96453588948"
"058","72519.77115054865","46284.73936239917","33388.68746697159","29824.254923569144","26915.57199132521","130482.2566818918","180876.826086148","36520.871546041184","92567.49626476003","94059.6131706034","60976.17163451133","36680.339644956286","36034.96348819043","44435.727350588575","63828.69242216833","32061.05334946828","25453.34996634133","17427.822551390855","50893.77585651769","32180.84248406012","40564.87157943819","80420.10105387837","57210.289779874125","40553.932775828376","39097.91253396902","36636.63900832272","44980.88055681906","48808.174525714254","70466.42544037079","32854.35463171071","36939.17615458886","37463.10835434384","91978.78939554362","87736.25223722325","71125.64756725609","35277.062298100114","59848.65451164929","26978.89168131043","75485.03723753952","24330.0517667988","66400.50564820739","30877.11043116588","65634.44414355843","34630.947165576355","29634.729540465483"
"059","113507.42368810042","46325.26634140238","69300.96988361365","41633.17127622097","67350.19886190724","83095.4407975293","128097.23844323096","109532.15935307636","331985.1800557476","35737.831159023735","49683.80921797274","47886.25798051077","41091.21377368803","46722.89042788391","143245.71322285535","42579.367626176376","32837.34937719652","44016.79858911278","93374.66476074349","62902.84163677728","56024.24926737644","36897.66289994777","152511.27650163387","39739.94382300211","45642.12995809063","115492.52036634918","120727.5018589611","119116.6232550342","42035.152546064346","50679.80054337154","27973.994458654684","47149.35304079482","206107.9845621313","121806.79450598743","89482.71391114632","46805.93957957748","47956.35287691162","107948.46636502206","164039.81564361695","38963.484578912416","48125.68318842326","58852.254927588125","55505.16583152479","124526.35654562293","63504.28413437405"
"060","18909.5370623195","39344.01201858304","80675.73999939174","86752.34636050764","21493.780200469457","30535.11986936784","22080.82123345057","29413.747303945016","23229.21653989928","51876.53461630017","77392.17465346675","82678.30493290922","137172.51371484238","68073.32054923392","29785.19400135724","50056.2201913717","79488.79729735227","45199.98838428621","43580.22313162597","26227.31195733701","104966.32357522336","17333.180375202137","98187.22188259607","26784.948273369675","63433.87616008111","27370.719374362525","49506.21500262575","17172.575635124507","93175.73927087332","94897.6879018766","25344.513380445016","75656.80841984287","28871.825647352594","76576.69347310819","35667.29263264104","48987.88760314765","19900.835309838003","42380.184832085","59840.01935212421","68918.62631749155","25377.392416898663","21162.77707280861","29825.39440594682","144047.8349295094","35173.29894349607"
"061","150570.38808718414","138381.76409766622","46343.07821176489","159043.88763580163","94316.3057057308","68612.32117566066","130322.04075517558","50957.465617106034","95834.93585934953","99539.75309285684","82366.09067441525","117094.78216194948","40526.5263788946","140112.14706517008","87210.91381971588","74258.74306164776","70585.42444373303","54137.19733414453","70525.89173207655","91410.42782633111","44955.03070798142","54266.75315394191","55428.67740510703","151091.0916965061","73984.9254404263","158306.34023785137","38904.77098991653","109968.59927844352","133932.40848118326","88786.1517074101","106709.58536790576","164190.39780753406","68838.98136695495","68499.81270522455","63776.2153175177","66657.43432973033","55284.67733245939","134367.4972811177","165741.49798281555","81743.64877745383","64967.49400149471","145453.11086675955","35565.36560089649","94933.28111490975","63211.18117068886"
"062","135282.06031778775","124295.3601646445","169883.21895304113","55694.99439183503","102680.42935393436","146483.12955165814","56501.56257523497","50771.54837907232","144042.05838574196","94690.61108248105","49413.18030114518","37366.98764273013","93167.45188342567","42760.350406983394","69034.43886959317","153977.84685643337","79629.63450050922","48542.56242005366","61818.46409118674","79981.5166617668","148021.43412333314","103835.61260207776","152114.3876764206","70581.4116324287","135881.4520873055","39024.652492843634","78061.925267836","179888.9572060888","145110.6834634148","141469.8278192778","83541.33448394775","58824.10266213984","155117.51035445416","66725.5646121804","48220.69157206675","53473.36413019438","44852.11015697801","77721.03004831873","138774.0145208082","126368.168106139","55673.47178135969","56335.082637834894","50246.30506530502","45747.20928329511","86596.42600410948"
"063","35989.96281430034","199636.70541421132","77869.53884907879","239234.4033720251","27609.77887904932","88114.55428842301","144969.90589481272","30859.10804519693","136816.92986995718","100943.65510931314","49024.59124499542","298542.96350286587","93507.54458264644","45260.41331638808","138629.87219880664","128898.96481412802","32174.64348913204","96422.5588822334","190535.3367863055","49668.74221743739","44410.21436277472","90049.88897582803","42435.359474205645","65306.23804675007","118670.7737163813","24705.9347671268","73193.59269907384","32098.63749593081","34144.58412208825","42729.60699901322","38108.35004125745","100961.35224946032","82304.34926624352","41582.919614127495","69895.06405423231","85320.95178401926","94661.25653384544","92498.8962622708","32790.34156355799","45782.61630329205","36339.21912568012","22235.06959857108","31083.15378442736","219577.5268987031","69985.53221189781"
"064","22658.483959709243","37010.4024878573","29978.152534406923","27191.202274534426","179940.6472892686","27038.68461922776","45089.293512777134","46400.17327883613","23504.19019565357","27517.63461995262","90918.72153032776","68821.16930383019","104786.89658059365","28405.697635559067","54743.00927762572","26399.677686294493","20473.991204122824","46436.46694056602","41005.423540214666","206676.4007315437","24575.260449725178","192433.1397027777","28196.74029992437","96647.97417323772","25826.04528486845","41344.81990706233","52215.73071083023","37995.92459638013","49258.69207795031","27435.379781316253","28547.22870432516","178940.44654127382","61018.6811553084","20680.696697179585","29909.280940322984","27117.21411818888","23282.656292448875","107501.4576523174","26845.96748978443","45916.9315096778","25540.717433205074","134087.69658965705","109126.56069196522","53718.9972936624","45143.32322832164"
"065","81073.92592565292","99885.82712744894","91747.85943863732","91070.1583952792","88537.82649227558","100898.2076575224","77255.38977387114","113736.34836588116","86537.46682789529","90560.60909766408","97042.29160401748","127882.18923362166","75553.39245555701","67185.26093775926","66149.6000819549","117404.47899939497","295423.01620888803","75874.4169231473","100226.9149237305","55156.12994021484","119299.38842812796","90990.1247114374","77978.31920096863","118171.77924457943","103981.13439206922","68875.43445626485","63028.41587317627","269255.1763682682","99868.37602645058","80888.77743591378","83076.2458895907","79771.73360363311","104325.40358093656","236227.5705258492","248672.85294205407","94837.42862859945","79455.60223888041","77146.79124256493","50078.00032590379","262934.6499852138","74063.69267184718","88437.37336274366","64077.6141024198","103085.78781004412","61438.4243395864"
"066","55445.32439457541","55941.94407899695","60784.63873840602","52240.77162564942","472520.1648336483","43619.90520479701","484473.6532083107","58762.97836396277","58605.50127216928","64562.54163606821","295864.4550037979","43172.523179214615","51587.707163489904","53885.5784373029","61229.77691137932","399353.0919742322","43955.08702655556","61504.340382022216","67954.45158978089","59187.17013349073","45502.621611912255","151431.54500256013","46317.61670928368","46901.16222957731","62262.70331829719","46417.652130500326","56115.32914006366","55163.19163104642","47025.936565516495","47861.096940016905","156137.36000161042","50515.131123243074","39423.64816845585","51835.53024676528","69104.2481146536","40422.31084745237","45005.67842603747","53889.57846434839","55811.34712583197","139175.53709257196","138810.60393466966","154498.73291786716","52325.56534378886","54474.647944860575","365742.974573419"
"067","63108.67768382443","50982.37229332173","34698.37821075847","131033.83932224762","154053.16116785826","281291.7923169318","109574.14643670023","114539.509736545","58914.03196661853","51052.634166052674","56117.509150400496","86722.04191560054","237727.3266046357","55389.81229199068","72375.3020911425","123862.10087352424","50660.54803929323","32142.72490680546","28055.308188747647","42776.99200944711","39257.86818719761","53283.52461782859","135831.1134724907","57994.80922724703","36422.72607303062","38273.250111462105","44140.6602592252","148304.39783876037","88352.14247226446","74788.86520948415","48540.41624915315","39997.52684896224","26294.621398044896","57573.21817965643","79672.10535865197","76258.1773142945","223253.2792754121","48308.56934934942","30771.776431395545","253746.0135154018","50507.70949839256","99046.7470133937","42965.74531952809","266864.4503444305","68545.07971556138"
"068","147258.66762706806","80294.56075150186","41652.95916501833","89515.0727191454","67021.6318596503","55220.80337917629","43764.0214479731","134587.6804274515","119140.36496817456","95005.42183856266","53550.426182864576","85450.59585385305","23782.353195603333","75941.30266731964","139749.68315391336","40768.33276356646","42282.6243218128","65691.72222363204","37824.59564154768","33098.89953285274","45640.63814757585","148115.22165908612","39951.84892827425","56491.07231058647","161673.99434419096","125701.4219018344","125441.41630124862","72503.65325869188","50126.11558576134","33046.661238687","41037.61101676059","73485.4348299781","39643.442412862445","73821.86326967546","101066.21354187498","46035.83806505388","50445.465143544585","35052.3705055685","94514.98778309971","97019.61170264546","91695.95238603857","90905.5403137722","48964.85447798053","44057.71237882873","96649.4102030033"
"069","98493.9155736006","38606.690489667686","49308.05512677686","77967.07959247135","117370.78153762396","165566.79251037922","58073.21266961357","60795.74545499326","82274.1417409201","30254.10121405028","64234.90564849026","82815.37294432102","47186.86475711462","95394.07484767446","55807.153870863214","189777.4689838704","48967.70117020604","42656.35165333539","62252.00049324859","60381.12767352352","33059.3626255338","90830.12686054004","92139.31598809003","66225.17865762435","62514.35861118355","52158.23220150197","50077.55652685664","101047.01998395438","55858.62792851128","41736.7776043694","53917.286144042366","59311.72419854883","42984.50930949693","50756.02466246599","76233.3313401478","51918.37529252716","48145.75982361821","97590.5088941632","53919.29742703314","123528.53523888004","76017.6242767196","104396.03927527352","98210.20668663802","53736.904103612585","53532.04146609124"
"070","50774.30257615741","39925.80193340985","38359.7230133478","40405.873798228895","41865.82241944094","72727.98025343829","19967.15947040469","86048.0854249802","74910.54574065279","101579.37950247218","59029.15811181227","27622.693148930528","43628.40852865658","20928.54493063471","55076.33189242555","42581.17180048274","54650.04642210199","16329.253310612485","35937.408493383766","61204.78392305436","59756.69663841299","52664.90057304164","25676.20023140096","80162.96795727374","37441.85094400471","64352.35281678889","59694.53548489008","17606.11679643703","46340.42529708131","103132.94047500982","67330.80455452336","52742.571329377046","31464.82729362913","87580.81249127552","29871.28783013208","50863.60638689507","18745.54209161932","22105.124909974933","43819.30268431248","33589.69147333077","48385.153004778615","20745.70430524764","34513.81938512281","87808.19682123848","53166.634826758935"
"071","109528.31337723","32603.67405080216","112200.38057573742","97151.60232976214","88956.236830709","147546.30238067","123325.1149786818","45022.66024206841","113625.51551733453","35065.53535834335","44556.57040175449","35737.02468139663","33382.036632131785","46738.86250471324","25564.40128603726","143835.46123293845","50437.08043643559","120423.43206154575","37882.58995440842","45548.36677565896","113798.20560915572","114174.26138744171","43459.36667694864","125131.936139043","105284.57618420012","115179.84516571404","102650.92696582896","115509.04104249632","41330.870440344464","117425.97994011748","41747.05414278774","43866.09648083507","103056.81116879368","42054.942306362","22246.87697447917","106900.25784178982","125369.46870802109","41115.03443264925","109468.60495942897","93637.12424148322","43688.3255503726","130875.81256805026","108275.3165462949","47082.94142365068","118232.39082727268"
"072","72548.42814651655","90491.07179401188","51408.91187736952","103662.39605497218","276436.1232159408","81253.61803079442","82676.88478577831","104385.46042703847","225155.80669234903","231025.607270098","64762.948909455125","60577.41585265582","55701.88824318226","155947.7267577324","144127.9849197939","40836.70190011888","36860.59958727923","58735.04783171025","82075.600455757","38610.60167521444","292507.6358800543","46762.7671220211","141169.39031863853","87719.40338899958","99643.91315998691","53590.170914746064","79573.68173849907","70557.24708396285","51441.17780988309","40806.365367672624","42794.8766483325","70060.29900923664","68327.27405350894","43174.00029502149","204747.3482130273","85966.69622629322","42495.51151866307","62302.78408118963","71712.46663381091","56304.349126720364","83293.45124919177","61370.34744258842","58368.17909010584","83698.91918934851","37119.5832483338"
"073","60506.86080290764","33841.33524341134","35340.08769372155","108581.8582298768","73429.70364115649","99274.78660265949","31065.035372728373","33904.43219222378","70260.76208114829","30746.51121926214","72065.09954267967","37030.75475305134","49255.83002250501","53200.47151161379","18428.58864231408","103074.32267466235","93568.51846827596","23521.747982065102","76066.3066583085","23773.43724167489","81054.06083290245","69359.45615851195","57988.33834325184","73697.88996252435","32946.13305858497","43029.2511487688","23636.30163271506","23223.251406718213","66282.65530718857","40239.405765025534","26539.07128297299","79828.3039294734","54075.99021433525","113253.49841248988","37744.18433298171","67863.73729004555","100916.7403428574","16965.73015858535","39367.81078525983","34166.55354893849","76705.03332698872","71414.49291283455","38690.49702036924","46824.957579054","60286.77564762646"
"074","17545.692823284033","24175.172521636672","21090.72860812548","55502.92524613199","39667.25743971406","16110.769625250488","12845.283266781891","36231.8916478101","159280.11993686677","20274.89396288986","14187.311988179708","88490.10002712865","143107.2969737452","16552.365927797393","39978.131213309","23367.74729855765","64667.45291700644","35871.63418522309","26106.644807396904","152828.74286117376","21406.50732154799","28498.56022803172","11884.309397704905","73390.69137732808","20352.069493393024","22088.70305215824","26604.90703256885","69838.58186233092","20879.47080639484","22836.84320200756","200023.06701133144","26135.813407686383","14791.085496889404","20869.88670061944","20323.75475392584","68389.84560579667","26116.13424466838","24175.84788707058","43231.84088298179","15258.057736206136","199611.6215417692","17967.737286541796","68729.93123624027","20692.169088617287","30619.48641945672"
"075","28823.94273371492","33399.33794889611","32337.793146157583","92848.37917361857","31892.08828093393","44925.098342040284","33097.89751968976","64178.71994064341","36990.83941921336","35372.07411726424","88271.01599734434","96838.1749149734","73208.41728698817","37959.12414016566","20737.87098193273","64923.23615845159","91922.5541838738","91789.82673573938","91818.1443643882","103530.90446828405","33042.648081412575","53220.40177919704","26422.331406076108","72894.12184879018","58179.021447417545","91872.6454499842","53196.68247660254","62839.59848745494","32733.368939295626","98488.96343711816","78365.47108524808","119147.9346205574","76390.63180984238","40227.25243691219","39015.692812712885","82630.40679522722","104616.86246582276","58846.258531438914","25998.173581917126","71540.01389627943","43476.77312223538","36785.79827277107","32987.136807240924","126136.64502218831","36718.55674161213"
"076","114695.43086635457","34192.94435336282","46671.58883598417","63543.14195747382","39257.15355724793","188548.8150149673","72780.08406720361","167087.4188544932","47051.35439296848","85030.00527764653","72793.5641330236","67913.4882743448","108681.25525491366","52349.10086116904","171643.39742779944","56133.243352221325","67491.091690556","53610.757237205136","143730.7780118334","178198.91164068753","187207.63621694097","234926.61089019565","65846.76153246596","102138.60918598344","50807.68347041329","58421.75345796958","142280.43173099952","141864.15174970092","62291.18099758103","49498.23986428024","195386.2935941438","62481.07070759746","65967.01122052789","43742.48824532333","174795.9776891341","68644.26008576425","213799.02440662144","216548.57444193508","61111.02458903041","47063.39067718244","91103.23783384432","66876.61707327414","40371.20295425739","60421.20337738022","62963.73479977071"
"077","37428.24095193736","43292.9554199835","61183.02346138413","67562.04171532037","30060.56356096092","60747.67756573412","46480.52128983824","30452.91778776588","36491.979051874914","81134.39651751677","37105.52976576852","39848.31527349174","80005.424962713","32970.86693861606","33755.11660419718","21565.378701725665","65045.88534589379","28125.31939899277","16881.07152911954","69819.02266104963","46422.125175835405","32880.71009318856","45113.554973847815","30319.937976377227","95147.1765681414","37738.642753662585","25207.73911073419","37935.21989977909","26611.881402133287","20944.382505587622","25090.24179346288","29603.44913217612","30123.275012595564","28835.552231476748","62086.82185641242","84626.06675373553","26103.198734327125","20859.43464769095","29046.550994019974","13134.350114144749","27086.830206794508","21639.433640728475","66270.09839501482","30633.59098423753","86446.5143948699"
"078","149934.09982931206","72985.39340377254","161147.54942010297","117729.3703310751","146366.18461122547","109082.1057358259","187831.08117889767","110692.15210144444","81827.73860103764","48027.81013467716","59095.74310429429","71311.76017621935","66606.1277144063","60804.56064473094","68775.36426721969","106670.37691585568","128046.4710280627","178265.54213512831","107675.73495922628","67589.46137074611","48063.429965727104","191387.5732379387","156140.00511901878","119049.84356515754","190313.06477641733","66182.43740933614","67530.54062359131","80130.05710054078","67405.88439545648","63238.843506083394","116788.54315877213","53730.49389242486","55434.78772859494","120450.45276022425","139621.81895994145","189727.0419534357","149394.85785426723","123381.6300437173","71045.16210075835","108000.75844065732","89298.2650869204","60398.21999793816","162964.3990818561","162964.52905635463","66825.67371387608"
"079","39310.63078050111","92318.14281456082","49364.34595129634","61552.70802364717","43465.02986636764","53031.644554672646","74967.60271679942","71696.65041780357","72476.85065180105","78282.33224750106","78536.4675337202","56657.27888960481","64295.73287515771","43992.491221313096","63078.3433383231","43779.036983772494","39236.16875031793","48349.63041285631","45615.95637494789","62919.613910205386","68888.59023658626","46330.18439408921","69231.79058105744","48730.05860652559","86965.008913293","53825.03618549912","68394.09011322452","79339.86598080974","52986.9999906025","81020.13892266048","49257.066364785234","44506.98980538661","80837.5732281522","87774.60214579727","72279.16365594316","93609.76965520502","39301.30013409084","58194.06369832136","76235.07576945804","69815.63083057757","39785.21831590302","45417.11996521511","61267.41374664236","46899.16941833516","52619.995213743736"
"080","24373.351776072024","35665.9195305674","31342.746509261724","70598.61839383647","35836.2488537961","30346.441430720504","24724.57771674585","22735.26701900496","83351.18282716548","37405.48848827284","41576.49399044914","145240.5217016797","35827.60862729201","28508.146391449613","121600.00912379102","56484.837933883","140323.96785246095","115306.74196078345","71007.80466248933","39416.8039995649","126914.68376703702","71136.82994597514","74414.94452015427","36428.99406192487","161648.6098207171","152626.8118280773","42392.74131294968","43756.71768566503","20141.562660902626","23641.58128460473","88316.55899397573","129851.10427910404","150459.04801740788","21958.09536531976","71490.91342803674","28226.592961015827","26660.639246637937","43600.132516876976","148901.19432677655","21618.12597746528","20258.67531269008","91073.86614363128","31195.063534227946","33495.709564591845","31873.797696292462"
"081","118648.96220719164","57307.499839533884","57306.84869051314","38504.73293625788","55622.54263377761","39041.817008266735","60274.0609221043","182515.3537466626","46945.082157731","49666.42052591885","56490.7550727269","62618.9613746328","43557.86730027999","87119.74350812986","46117.10978752955","60920.06768948688","60711.64981226615","46832.77830412312","104922.6022320346","52292.17266511233","48496.57501027879","36179.27777565918","103953.2009528605","27473.28516478644","54811.49643418581","54092.06267360044","57900.75229350979","28178.87695948355","75130.89953471653","112848.885189368","53106.27681473611","65197.490556208126","150890.00442824312","57047.369180685455","53917.705823283606","62208.24476976211","33010.78299660027","124475.05808307177","55506.53430318418","114183.25820742334","162934.24161871342","48703.8311971354","187794.2470855607","64215.58312753524","60800.67400284773"
"082","64941.27875480096","430608.4459981119","183362.6319453165","96695.22923607404","102885.89481174428","93679.98920544075","136578.8046373906","177229.1232446942","330913.80981031223","73736.7952190296","72178.19875465007","80482.47524516012","107067.4791670383","86586.92859926015","305981.2403060091","124839.33044027897","88514.9721814745","335304.3540318545","112099.72954968484","336903.59846898005","102274.29791039678","153832.26613990197","74449.63936590849","337666.732518327","78712.44940521423","246633.4068557928","144498.7075408819","189609.88414575256","171210.5326650118","177495.32151149662","136976.04283573502","171988.16205558632","87136.01751192051","89066.89949144878","105883.66334707408","89459.92600324206","167219.96900764486","110551.18402059207","104364.36395222726","88589.00874628175","93356.72558480591","78173.92763920766","98838.73111132778","141995.39308307573","217786.4161259597"
"083","18846.182854244573","24988.507144189927","27759.877276949777","8534.949021318776","34167.30550183883","21926.66902233087","10759.067029898171","7376.489668674131","10516.07293810542","9606.985614024634","10943.431822345485","8290.284030728793","8804.5383831328","19816.29162586209","10463.917344600311","13491.325691842208","11252.43987683256","9607.213243052702","31854.898428838333","23101.143158143983","21733.054911161293","7461.713580888866","16214.96653377118","11019.486208636596","15900.497025995472","16758.173494218307","9923.866380280142","21638.725938904325","11502.025582571736","11447.249974040034","16455.173510273115","12793.956998685737","14597.682397743883","9153.000363916291","18909.97718295866","8786.821851203744","9908.437192869162","7450.80663507243","10811.581565504724","9597.881882246102","18697.568404138245","17489.106977821415","9399.897717598264","28929.93936494357","27929.79989071576"
"084","49254.27695629902","137949.3789488024","94969.0525651439","54546.28280256014","165624.68111155106","263619.9730269899","91914.04319055268","83252.07031716098","132122.28954349618","59870.04381292114","41152.823688354096","166440.54762262473","181256.9896472674","67494.49961656223","45049.06167061925","213977.1629097402","93358.4194903627","49634.06925958645","120521.30010852596","72169.84802377695","69268.9973126139","56715.88531484644","58632.21542695611","69548.61269986247","75677.00822102766","68352.23355256302","60861.62603724619","183277.99991362012","74874.92237631384","101093.5900322712","44683.36034428367","64666.81524513944","106464.78854287858","45353.19326138894","211431.43380874835","81832.88566149144","55770.250218581175","64068.32682972888","66690.73399121303","218648.1035020611","114344.73766250916","88011.10310691233","109844.02055282737","55500.5027767592","60589.53835996397"
"085","52887.02175714076","48013.34951460779","169285.43402528585","56446.35906917541","40047.43931643678","143144.5472185188","45773.84446306434","50671.41876081437","53272.64156160584","133423.15636621465","47682.24267836318","105612.1586115876","88887.07214874067","96897.59510229185","136824.45357412167","149271.26561662002","119242.45459170028","121843.17512841753","111797.6696127894","58225.63794166325","166854.00871631733","93975.30936591572","92157.9472346213","114181.801086606","46326.27795966406","171580.3051079849","143727.10639753984","68119.33066663952","106560.29792198662","76431.42368326976","111631.93127632372","56415.59676311449","190007.474825422","86085.54290819618","56206.34671095925","67206.72905304118","194145.97085609907","41725.92095237866","73083.92485687544","35908.837897284415","107497.72510200404","49493.853278828","64823.004063390894","137191.79010457278","100721.85169295578"
"086","35788.645705565694","44959.80716386441","34749.55756589983","114372.61072276224","58254.03364177704","46465.01512504116","28492.91319691119","40349.959941398185","27450.778758697445","29377.1647845894","31386.02912915607","32924.13775112063","32858.9436230097","107880.66535533936","23911.40562248474","67539.53802131905","126273.1295119521","27672.172948954947","99327.7290826025","90297.4819422982","29647.127263776656","33727.157779774825","46639.09196674415","82255.18720821614","92038.49083395164","61198.78903547416","30003.24132670319","54842.34252980069","18154.02446463454","59212.37789297978","40955.89068490746","30547.16540558688","119633.45935981956","34855.523667190704","49891.8328353637","64740.92512851166","131138.36084089283","18178.75357593888","22579.859303083427","34761.4268559016","28024.60118888008","29138.96871254215","122270.66567736458","64959.79000997102","44032.76522006315"
"087","88949.8023067856","79653.95094647283","137294.60797979185","84512.74276629648","37419.71811161214","77293.68817634463","40649.70294226045","68903.27169505833","116447.0483959974","30900.40729647157","76824.24336914165","44622.53750948123","64177.88713879807","80502.42489284281","85413.89008289337","96817.81774547575","88882.5378149922","107773.1569238078","77464.61484999223","40029.98366707018","137572.5285008222","34984.3978919931","152891.963441738","94610.99565699635","36512.15555472519","122959.2383672812","45736.2930555369","97373.9668187812","33805.520513470634","40973.80105268832","58043.33779445482","37961.237545038464","39765.67554398028","39231.45575245907","54599.0902111192","67053.89972498752","74444.87578990692","98717.86842102888","87926.13618181102","30834.714340570008","24755.54747875765","42592.0379862673","35248.93209874859","33307.607222921135","41714.353948313874"
"088","66897.11756099711","40082.12271440309","32856.85327916982","81027.2814997782","86540.13167519479","109524.3783975499","80596.6150644845","89422.40508339302","112570.36272317955","70477.71668301773","80135.00200562946","111897.3335372281","73153.82578282786","91495.56033777492","114664.11330918106","113613.82770574008","73127.48320332402","76130.28081294328","66728.69346115341","89467.59821069053","114394.6683929176","87297.6689728338","91536.81806007004","98346.75219002891","81447.55375988422","69628.57548511568","52837.57474288323","69613.04846975877","68758.45238993336","81162.05513651558","88423.0126515011","67756.19173296471","55109.19853149494","70660.51793430283","113898.92689275542","84211.63664212404","57304.45168208041","78154.62088964893","89679.50361283726","91946.78271447076","83976.23397538604","84524.80501343758","76131.69948218623","83262.10457276281","71964.80417742995"
"089","24974.04305539946","45211.64326748496","33228.64841751112","53304.0070085613","42977.15216537941","112721.23560499048","44219.35716246999","92295.42154646324","68274.93397249379","20100.657765737185","42083.29508071288","33298.6408756384","36627.723062108","60127.418294502095","76765.39668796431","18998.41210256887","30530.178585329173","42966.170693259104","68789.49298111683","100987.80461394538","73082.7502796143","17319.45838294219","29701.566589331727","54959.5437635484","25463.09370028449","28705.809033799527","28394.92088423569","46541.21466662497","31450.40161378","68307.19450251225","22085.33611069029","91553.60818709592","69280.62536136436","50113.41338084511","32805.68793129511","28974.413718775737","33560.32383414436","78363.27022837616","56015.65077337675","29329.091444299625","24924.976817156134","79925.82367881446","65409.618294166976","40011.14255514692","23717.451186622548"
"090","57963.695862216126","100010.5161715879","56788.73365403382","106507.92547389696","58643.46601827534","98460.4140698848","84921.389695234","135859.9669808547","87245.02454393257","38734.06948449561","46070.46686283912","34054.47085835881","106992.58492366638","108436.23280566226","40922.77846904355","55720.197854735634","55775.08895309518","33161.4634958566","71911.52097483502","70161.26748445875","44941.87555318109","191072.4735109556","38651.76600711222","121799.90310993374","49921.52190580284","43201.70289229821","181347.48537587107","181289.31484556835","74084.11447757408","101211.08218775968","46511.30631772485","58742.12771025592","129058.4898215024","56053.67633048289","118271.79045753102","64019.67387020424","37870.42953996561","191741.56152510163","161895.50713120602","92805.79174093368","45055.31891826186","72711.91427558595","65064.10044307721","94266.21133995758","77816.70939278143"
"091","42105.909484278855","100801.27234576596","35624.750218271765","62069.49892816778","26011.77688985892","45744.32157984276","194900.62002980805","175295.54550924723","256075.65613024044","172937.27546909443","74919.35960336443","26857.77796895513","46557.314670624095","49824.61088459955","47472.79845564806","19481.23097523106","35589.65263899123","33873.310103130694","126363.89195136272","31904.603141361324","25319.517194942666","126570.52311518318","31597.565744161177","87544.27933118904","72864.77200454952","138207.4140387682","65398.212468288046","36542.85954128822","37999.25601900467","30270.3165012532","22540.76278103822","52122.375412942405","29676.691315077573","25619.435866770786","147654.05717396","35550.54201932733","59267.71811793553","94728.90490602385","46020.94500064541","62449.67668383421","182477.81911051745","25077.364306704432","36190.54926831357","171414.5121227624","21459.99641856525"
"092","72314.74355608213","510143.8007747219","87495.3595093695","239982.05591990027","151217.584738155","68762.70647046987","84495.69257021922","188569.3702446776","68619.61145773016","79125.92248782153","200085.2498337156","210560.05443908527","108849.62764294642","40278.95377793315","61626.55719651874","115962.28933338066","163453.25951017934","113312.4308246671","95636.5720184312","102163.42509507446","155975.24483612692","164978.43005050163","48077.396226195335","115633.49208162108","56311.15193832665","198519.60462219632","69997.1428756057","159167.5170115921","173727.07896104842","152286.47562026285","72015.64804196099","40762.91551286285","43470.14100732614","250699.85563554225","94368.72176422992","74288.69416958246","62271.58095120716","124078.86041280684","175988.09766084433","74678.32076476845","137841.9233045864","151467.34651393883","113617.25939024666","249935.3390418148","60416.59620322564"
"093","178886.0665439914","202976.9269176008","37363.17807065602","121959.07607218676","72328.9479344626","141334.71927699435","46106.41709232985","255641.29013030004","89338.86256787059","33463.70013062657","56033.79906422703","70036.72321459671","117086.34212374158","108127.67958078143","48412.59375949619","229821.4725962824","56472.7593746348","134993.64673122764","204714.1106119633","211755.1235053052","253575.24664221145","112283.55015933664","78038.61326362706","224466.00178264923","53167.86692137184","161566.43687002137","238804.775184484","118599.59695428668","137076.91402044616","123411.82413750028","247237.77826277324","212503.57410245563","283936.05539881205","43141.87958040338","236566.56086728783","57921.9009119808","81572.12544516019","48196.63962360624","68014.21926223852","114735.71630444178","224437.22467133487","74403.37671689189","60213.88470775624","61106.06588467622","46865.56325639634"
"094","73449.48792701957","73085.13862522987","68071.98661219896","38883.82734623285","53860.73336469315","115682.68571675902","126095.3832818654","61347.923846670805","80069.55381513058","53441.62297158922","75897.06363091232","79211.47581767828","48844.15486125406","79931.57809803366","67024.32264615277","61790.88839563381","129230.20421364556","62345.42317353209","46561.224864264586","81253.82747207461","140678.6423519715","139572.77216330863","95495.2721624162","79426.68650243882","73478.74172356397","74107.46062964092","82377.48195976758","103118.25698368617","58283.34920800927","95916.56141647788","69750.2829002448","57591.85198799597","117724.52726215844","110196.88960769352","78617.15580722372","74621.67591422163","124573.77577290883","55818.13960490253","115736.3376174697","69509.65717477415","88648.85241952799","83925.44037582658","78687.92230526754","82215.8319730287","107937.83308179613"
"095","151624.1278307581","175349.82748538585","163671.94985533628","87266.09594933197","162129.92071449748","94477.92092187246","108601.18505600868","134235.0129292927","81058.83496157739","208772.28034435888","113398.86626535493","115861.17513659775","107127.63577053668","117157.89765670082","115855.41456056303","171688.1369391443","189819.9212693318","84613.73417513106","215017.5599570217","120546.2891801574","168100.5653544222","167633.09930228855","96706.13867337012","183388.46908176653","169114.28070239583","83989.66071489692","151769.15339569436","61161.61057028721","141712.315907594","63979.89093451612","167579.651491928","83119.84765474194","120026.63304330704","102251.002242179","99633.28647692747","101021.00215566171","116661.7540361516","166162.9784518825","177843.30868742758","185303.9835805555","110294.9873266024","67249.32838932273","99333.76454633934","82621.04429749209","106605.51707553996"
"096","151368.89938146627","43360.30032107963","46209.1904204449","38679.069644568764","59761.01386394535","87879.56579935523","56660.16171723122","70739.48455298741","82872.69983125704","35498.98549134402","47602.48139714439","37663.469062801","74112.73993526126","81257.49122254438","56644.50365530642","71622.21597776267","65514.03489381669","42702.77863328356","68149.07660294508","138894.18941489476","84771.22474826511","68683.52206932245","70625.80119338863","121057.91960457349","38834.12719262604","47571.9164760607","93849.3246449338","133069.6578888846","78464.37948132718","43215.88602163162","74529.4720287065","40039.21654579279","119297.26229333348","46148.10103368724","109882.34472987738","132829.16471049865","46162.770573695954","49030.77974028827","43250.805775621615","63582.39691484046","109288.71449024053","70487.95585323793","151782.21740867698","58587.66127356203","146735.8272319145"
"097","133042.53516994594","69294.8640525668","74425.57973276537","59367.29641784761","230608.9315311697","146371.24447331554","54839.24429779717","68797.1855744525","217153.20421526456","124011.41203212732","181224.40349784336","68726.01579348999","116551.88310656212","307010.204755534","94392.46628591648","325142.2983106273","86843.19995106048","156618.94145865305","65169.202781723616","98786.50040676058","166141.4973587418","90459.36083171258","195457.1685356225","136148.76070461748","69676.20630630129","103444.6979860244","150392.03932055723","89063.82023626799","171332.1216708866","44067.71311714393","121642.92502119891","167597.76143972017","232405.5209777133","205059.3203544556","301851.5450499676","57353.7247527071","171056.55543223725","140176.42562716696","81011.30168462353","71343.3659083678","256775.2548043184","42567.81442612034","123642.12425983","264054.5128554424","64832.221103993135"
"098","64011.93539224942","64999.44452850088","89472.46831828196","137975.1999424804","141971.16115528566","140803.124434666","103141.42292558846","88511.2579970455","88182.0959993348","103706.34647530006","89008.45539460411","88772.31655227074","137664.26068705073","222759.2561611518","82002.02160821522","78254.52220203754","110212.43838759112","203139.82134329044","81976.56481492525","150782.96624076768","125714.67724593448","115021.28816987314","81454.42309085885","163936.82861262633","194171.5483502825","76530.03135248071","70466.83994682501","156434.0793114777","116653.5914145244","74418.09301824427","70956.17455782965","127093.96233529603","210658.3639067128","214922.8993083473","181456.0784748713","139948.52597497127","156545.08498274608","179905.2219109586","141606.65792140932","165326.08460153823","67876.93128276712","182383.4566212145","61106.84866331388","207076.9112343204","119756.26635796046"
"099","235080.7076531117","71162.2817769037","44467.18125540862","86134.23846299305","216833.79547783485","59009.840619122384","70404.07993042354","80148.81192360092","69685.33954663102","65872.30395304105","78943.47107327996","60057.57161546359","51338.05691934167","64764.34372575701","43792.82451563172","247914.9947594285","74643.85366691322","67234.56651242233","108627.89514341817","72718.28478275533","57440.577943177006","81396.56689885128","71691.9675751592","231523.95814074503","72672.93377664025","87431.2854171697","90493.3105604298","93900.53557269466","50417.84825931105","64888.78731846116","97126.37307975622","87216.57872549583","76937.24067756115","61425.82621547399","57711.63393934393","69174.85126308005","90477.57693009604","82401.47092758874","47356.04361216055","224630.90982171896","41162.63731942156","41807.98724269981","82850.41079135978","65483.98650817051","72595.28842398521"
"100","30007.32193196455","108064.45995078536","47927.82619555363","101243.26680457048","141920.3278020961","143561.69253821298","131734.4366408391","52088.07097881153","52943.33737767789","98085.40539353904","108029.48480972466","112785.9584878877","144107.50777056793","39689.75230885034","30144.6177299967","101341.81706485272","106284.83651479604","42771.97585558983","118241.57308852204","26820.70385768156","27166.59800163524","119846.39402266788","146759.6103668064","41831.7491629198","107569.60737215924","96167.0948429354","99609.0214880728","153778.6735041092","128311.46475135934","121461.19254498513","101035.08318333866","33184.58246330204","121395.44049772742","119765.2797676781","35934.22953355571","45486.09510489103","44059.76876213561","45987.46565145944","39162.245285187775","105813.53410134708","33698.02297058575","43496.4352286338","40356.44144753773","108623.517422406","41691.81904917318"
