,writer,idx,signature_id,dissim
0,001,01,001-01,34.05501675513092
1,001,02,001-02,24.97152925516875
2,001,03,001-03,89.79960759261213
3,001,04,001-04,134.08076592322132
4,001,05,001-05,26.988640639586215
5,001,06,001-06,72.39559276213734
6,001,07,001-07,122.16255683986344
7,001,08,001-08,31.601951993597634
8,001,09,001-09,30.201325782630505
9,001,10,001-10,62.64631691289176
10,001,11,001-11,27.1073562388534
11,001,12,001-12,77.20067375409806
12,001,13,001-13,26.433611408239706
13,001,14,001-14,31.234628697280222
14,001,15,001-15,62.305137244455416
15,001,16,001-16,36.406431778574564
16,001,17,001-17,31.87781535690369
17,001,18,001-18,34.143451124395725
18,001,19,001-19,30.825971434387125
19,001,20,001-20,72.9749581040243
20,001,21,001-21,66.90189645368255
21,001,22,001-22,29.15463930985508
22,001,23,001-23,26.36467356052046
23,001,24,001-24,80.28085778141866
24,001,25,001-25,123.32853282813915
25,001,26,001-26,26.4033501271886
26,001,27,001-27,61.59572137083524
27,001,28,001-28,31.747066405349837
28,001,29,001-29,24.46176940125147
29,001,30,001-30,135.00258546487512
30,001,31,001-31,94.57620738453228
31,001,32,001-32,110.22397675218161
32,001,33,001-33,32.70021473208777
33,001,34,001-34,80.2223024551849
34,001,35,001-35,106.09695582470292
35,001,36,001-36,64.3826163050298
36,001,37,001-37,39.939983920791256
37,001,38,001-38,73.8380482713921
38,001,39,001-39,140.4405588466636
39,001,40,001-40,64.28732655820123
40,001,41,001-41,73.69200424617321
41,001,42,001-42,99.1986374170813
42,001,43,001-43,25.971755072469247
43,001,44,001-44,78.4133003320882
44,001,45,001-45,75.94908939662793
45,002,01,002-01,89.29077999734685
46,002,02,002-02,119.14593677146433
47,002,03,002-03,320.2186918432394
48,002,04,002-04,166.34844630983986
49,002,05,002-05,113.64921598169931
50,002,06,002-06,73.22219691442648
51,002,07,002-07,241.17883539505755
52,002,08,002-08,124.65212973104389
53,002,09,002-09,205.91941631365927
54,002,10,002-10,79.62379987957863
55,002,11,002-11,240.09924028742083
56,002,12,002-12,81.97029960956696
57,002,13,002-13,89.33373948709144
58,002,14,002-14,178.19550326188894
59,002,15,002-15,235.22626478841113
60,002,16,002-16,166.80881539857663
61,002,17,002-17,108.50438472057927
62,002,18,002-18,72.9394012774857
63,002,19,002-19,219.80054479760838
64,002,20,002-20,78.33044787856171
65,002,21,002-21,73.4133280516006
66,002,22,002-22,73.91776006004388
67,002,23,002-23,69.67615523558149
68,002,24,002-24,84.67078105153406
69,002,25,002-25,189.49369573772472
70,002,26,002-26,66.86101535372886
71,002,27,002-27,112.87477222107064
72,002,28,002-28,63.89685166668443
73,002,29,002-29,67.16815253701677
74,002,30,002-30,78.99702125188631
75,002,31,002-31,80.00765542078159
76,002,32,002-32,91.02659484412322
77,002,33,002-33,123.16030502534417
78,002,34,002-34,60.73001313976934
79,002,35,002-35,216.55079690372034
80,002,36,002-36,180.15676084149524
81,002,37,002-37,226.73858352164186
82,002,38,002-38,158.84598284328916
83,002,39,002-39,60.92193121255453
84,002,40,002-40,143.45171355153366
85,002,41,002-41,150.1879234558786
86,002,42,002-42,80.55345779940416
87,002,43,002-43,219.76732767321252
88,002,44,002-44,255.67278125011654
89,002,45,002-45,179.29793205652783
90,003,01,003-01,275.78510257464467
91,003,02,003-02,386.9827534273063
92,003,03,003-03,210.8826864138176
93,003,04,003-04,153.86736173065157
94,003,05,003-05,387.9245939812113
95,003,06,003-06,225.26868348711102
96,003,07,003-07,278.0350613123249
97,003,08,003-08,404.6727435114003
98,003,09,003-09,203.06528505293858
99,003,10,003-10,176.7242775760431
100,003,11,003-11,321.773499350206
101,003,12,003-12,309.51963155673343
102,003,13,003-13,361.23284631542845
103,003,14,003-14,175.75672725812535
104,003,15,003-15,429.50491564576436
105,003,16,003-16,314.4098059049187
106,003,17,003-17,617.6951662737716
107,003,18,003-18,394.6877380015869
108,003,19,003-19,169.71604151093052
109,003,20,003-20,313.79509671473016
110,003,21,003-21,271.4978045379401
111,003,22,003-22,440.90595646482933
112,003,23,003-23,318.1083894744552
113,003,24,003-24,176.91087687852567
114,003,25,003-25,123.0264480154689
115,003,26,003-26,220.6450695578461
116,003,27,003-27,361.85264662599167
117,003,28,003-28,233.8705794867527
118,003,29,003-29,411.87416577915394
119,003,30,003-30,186.02695903011596
120,003,31,003-31,177.63202548377117
121,003,32,003-32,321.51517296645454
122,003,33,003-33,266.0533764821633
123,003,34,003-34,269.1385583935891
124,003,35,003-35,414.72749554382005
125,003,36,003-36,219.57073460388273
126,003,37,003-37,418.1384360929642
127,003,38,003-38,579.172393399043
128,003,39,003-39,172.50998822361547
129,003,40,003-40,170.10415966937364
130,003,41,003-41,220.67783125382604
131,003,42,003-42,461.0806011747194
132,003,43,003-43,185.33207064111923
133,003,44,003-44,312.3600432141156
134,003,45,003-45,147.05968882177527
135,004,01,004-01,163.96805481955454
136,004,02,004-02,262.9353087256935
137,004,03,004-03,106.1196390128378
138,004,04,004-04,94.557978113592
139,004,05,004-05,72.36641610398748
140,004,06,004-06,75.85322552504024
141,004,07,004-07,191.2710829086037
142,004,08,004-08,231.9548752539624
143,004,09,004-09,178.18060981047057
144,004,10,004-10,263.26250464452556
145,004,11,004-11,91.10291475134643
146,004,12,004-12,123.3133448407373
147,004,13,004-13,95.23335569434845
148,004,14,004-14,265.59008175313113
149,004,15,004-15,207.45713197947444
150,004,16,004-16,189.01810613632972
151,004,17,004-17,78.9014216667091
152,004,18,004-18,176.44491636163886
153,004,19,004-19,88.88753477126295
154,004,20,004-20,95.32927915472392
155,004,21,004-21,84.88672612335246
156,004,22,004-22,154.76622009255942
157,004,23,004-23,114.91352990127848
158,004,24,004-24,86.94830353714057
159,004,25,004-25,169.50643997179543
160,004,26,004-26,131.48472322325762
161,004,27,004-27,230.08734222333638
162,004,28,004-28,192.3527349896258
163,004,29,004-29,83.44883563112255
164,004,30,004-30,212.93549788771895
165,004,31,004-31,249.44799461764345
166,004,32,004-32,103.2984457823569
167,004,33,004-33,89.7687370721927
168,004,34,004-34,112.70051035262924
169,004,35,004-35,249.25332074455565
170,004,36,004-36,84.04984793027178
171,004,37,004-37,94.61699307212565
172,004,38,004-38,104.67574938772545
173,004,39,004-39,181.22598731380154
174,004,40,004-40,135.4218239098741
175,004,41,004-41,97.8831567271737
176,004,42,004-42,192.03617835479548
177,004,43,004-43,179.55278433626592
178,004,44,004-44,120.83444612458821
179,004,45,004-45,97.78623059953574
180,005,01,005-01,62.07454603337487
181,005,02,005-02,182.46265237258004
182,005,03,005-03,65.71135197794928
183,005,04,005-04,147.81363278287805
184,005,05,005-05,56.774436823523175
185,005,06,005-06,53.73593202412111
186,005,07,005-07,134.1673769772732
187,005,08,005-08,74.05981798898607
188,005,09,005-09,61.6862521876665
189,005,10,005-10,140.5869357041636
190,005,11,005-11,67.4923623469656
191,005,12,005-12,67.12569473638389
192,005,13,005-13,172.98951271480965
193,005,14,005-14,155.89284600882405
194,005,15,005-15,271.2069361588978
195,005,16,005-16,161.3990575259065
196,005,17,005-17,150.6903939558858
197,005,18,005-18,126.27478285909653
198,005,19,005-19,179.91104040251133
199,005,20,005-20,157.95357608101483
200,005,21,005-21,80.29335001252947
201,005,22,005-22,136.56203618753975
202,005,23,005-23,140.8543481256816
203,005,24,005-24,78.70657761547456
204,005,25,005-25,66.04016254355216
205,005,26,005-26,68.90573611390073
206,005,27,005-27,233.80513611253153
207,005,28,005-28,148.15480440227049
208,005,29,005-29,175.70782489649594
209,005,30,005-30,171.5943228042216
210,005,31,005-31,59.54048562781713
211,005,32,005-32,178.60901366893614
212,005,33,005-33,57.1682286963651
213,005,34,005-34,135.22921878924132
214,005,35,005-35,69.23709190297976
215,005,36,005-36,148.27493477805533
216,005,37,005-37,141.27330940481622
217,005,38,005-38,63.07855529447658
218,005,39,005-39,145.44542235424396
219,005,40,005-40,76.32511379782551
220,005,41,005-41,201.47585358526874
221,005,42,005-42,64.71957301748844
222,005,43,005-43,78.84631783915141
223,005,44,005-44,206.1445284890831
224,005,45,005-45,66.01726130507706
225,006,01,006-01,332.64902901845176
226,006,02,006-02,502.4937482779301
227,006,03,006-03,291.9349782880663
228,006,04,006-04,353.2819318407704
229,006,05,006-05,399.92417887577085
230,006,06,006-06,150.9417237442534
231,006,07,006-07,153.01654405221598
232,006,08,006-08,158.71882659578696
233,006,09,006-09,139.56641317177602
234,006,10,006-10,308.18749537108465
235,006,11,006-11,345.32250628412584
236,006,12,006-12,136.70083943190576
237,006,13,006-13,162.0025410194012
238,006,14,006-14,172.77926125338772
239,006,15,006-15,350.9991343357593
240,006,16,006-16,535.7623604003513
241,006,17,006-17,243.61260301207645
242,006,18,006-18,126.18541811157942
243,006,19,006-19,295.734594714821
244,006,20,006-20,298.22770874103986
245,006,21,006-21,505.08297413295975
246,006,22,006-22,130.90465617223262
247,006,23,006-23,274.5159421414292
248,006,24,006-24,497.8386320888909
249,006,25,006-25,461.4978498210426
250,006,26,006-26,147.3513539068967
251,006,27,006-27,334.143593907371
252,006,28,006-28,420.48572942536583
253,006,29,006-29,169.44937394683768
254,006,30,006-30,294.28867696911783
255,006,31,006-31,286.3457401305222
256,006,32,006-32,155.49556694852348
257,006,33,006-33,548.3793476405685
258,006,34,006-34,168.5895116758857
259,006,35,006-35,279.1718918189002
260,006,36,006-36,142.8931674840078
261,006,37,006-37,141.9083245098166
262,006,38,006-38,157.1547339082767
263,006,39,006-39,211.1637985577226
264,006,40,006-40,282.1638850346019
265,006,41,006-41,628.870420420724
266,006,42,006-42,148.4025083299421
267,006,43,006-43,232.1025128195779
268,006,44,006-44,152.53067800587397
269,006,45,006-45,304.0139856585111
270,007,01,007-01,298.6092000022795
271,007,02,007-02,97.64968958553457
272,007,03,007-03,299.1826492917886
273,007,04,007-04,253.59325413577233
274,007,05,007-05,131.85338943421414
275,007,06,007-06,407.89461146243667
276,007,07,007-07,510.1366097596635
277,007,08,007-08,90.16905796689942
278,007,09,007-09,126.508216438978
279,007,10,007-10,97.006210841735
280,007,11,007-11,127.4790881919962
281,007,12,007-12,121.9355421217757
282,007,13,007-13,132.86306591577554
283,007,14,007-14,475.58554300238563
284,007,15,007-15,126.3325398108959
285,007,16,007-16,119.39592883063273
286,007,17,007-17,245.0362650084263
287,007,18,007-18,105.47861559070284
288,007,19,007-19,330.7019724105529
289,007,20,007-20,308.1539408309403
290,007,21,007-21,181.99578934331274
291,007,22,007-22,128.01991531376478
292,007,23,007-23,201.18372095577928
293,007,24,007-24,294.7207467194555
294,007,25,007-25,175.83058707446443
295,007,26,007-26,205.21054347531546
296,007,27,007-27,226.30733505403154
297,007,28,007-28,218.6558754202918
298,007,29,007-29,373.39744993335404
299,007,30,007-30,351.79369559170885
300,007,31,007-31,288.90620162568865
301,007,32,007-32,199.55202485213957
302,007,33,007-33,274.848061066225
303,007,34,007-34,101.03600156034838
304,007,35,007-35,118.84910096157681
305,007,36,007-36,120.88602306275753
306,007,37,007-37,113.5082162688338
307,007,38,007-38,188.23066561185993
308,007,39,007-39,134.57903150629846
309,007,40,007-40,189.04525395135687
310,007,41,007-41,122.56969750401488
311,007,42,007-42,239.8572982101448
312,007,43,007-43,137.88278407737548
313,007,44,007-44,101.12280907787772
314,007,45,007-45,260.19505166046537
315,008,01,008-01,104.61675947953768
316,008,02,008-02,100.03184925429511
317,008,03,008-03,82.64836594608917
318,008,04,008-04,119.3590222434298
319,008,05,008-05,75.12364832446136
320,008,06,008-06,97.22569649737537
321,008,07,008-07,132.87702314141782
322,008,08,008-08,64.63582965927053
323,008,09,008-09,83.43685002542541
324,008,10,008-10,109.00444747814215
325,008,11,008-11,69.19443793931154
326,008,12,008-12,84.32023384396904
327,008,13,008-13,210.253769071772
328,008,14,008-14,219.0989922102578
329,008,15,008-15,121.54525017160006
330,008,16,008-16,107.8904271893499
331,008,17,008-17,249.2697075152516
332,008,18,008-18,72.36151481493445
333,008,19,008-19,95.17274355317466
334,008,20,008-20,72.97242253359423
335,008,21,008-21,135.91503933094708
336,008,22,008-22,132.28451578413856
337,008,23,008-23,121.74737992749122
338,008,24,008-24,78.59961132210253
339,008,25,008-25,72.43257842734026
340,008,26,008-26,145.74231506552024
341,008,27,008-27,85.2872823949782
342,008,28,008-28,118.93567059557972
343,008,29,008-29,67.94008855080457
344,008,30,008-30,77.32271668355953
345,008,31,008-31,113.93442081674638
346,008,32,008-32,110.76973450480618
347,008,33,008-33,176.8438412569553
348,008,34,008-34,82.25087346500243
349,008,35,008-35,77.04904582363173
350,008,36,008-36,77.89410969508118
351,008,37,008-37,73.94491321821916
352,008,38,008-38,91.90029263597401
353,008,39,008-39,193.4629472274306
354,008,40,008-40,85.67858844337393
355,008,41,008-41,80.75145395619832
356,008,42,008-42,118.0835113703582
357,008,43,008-43,149.0731691416316
358,008,44,008-44,78.94397742052007
359,008,45,008-45,83.10957849501831
360,009,01,009-01,187.79171843033828
361,009,02,009-02,501.81621823302504
362,009,03,009-03,281.7472328275965
363,009,04,009-04,355.2309501397024
364,009,05,009-05,330.88785536581446
365,009,06,009-06,193.4264807244188
366,009,07,009-07,228.19926179637545
367,009,08,009-08,164.15495307254702
368,009,09,009-09,176.73331326200693
369,009,10,009-10,397.1465198186274
370,009,11,009-11,555.8151929370497
371,009,12,009-12,187.18496210767802
372,009,13,009-13,155.48989774363076
373,009,14,009-14,414.78899247049657
374,009,15,009-15,231.93365176680453
375,009,16,009-16,342.97200433684
376,009,17,009-17,531.7272906167095
377,009,18,009-18,275.637610932735
378,009,19,009-19,181.95010061024573
379,009,20,009-20,385.5339793008359
380,009,21,009-21,195.73338510393833
381,009,22,009-22,351.4708360781728
382,009,23,009-23,587.9010131482711
383,009,24,009-24,192.96712217680712
384,009,25,009-25,175.39185377431116
385,009,26,009-26,482.57554886679435
386,009,27,009-27,378.30648867386486
387,009,28,009-28,504.5875208317523
388,009,29,009-29,235.83949377559387
389,009,30,009-30,207.19368928896787
390,009,31,009-31,378.5133145564055
391,009,32,009-32,347.4865150249884
392,009,33,009-33,198.82602890792748
393,009,34,009-34,336.90438949922606
394,009,35,009-35,204.20573105171925
395,009,36,009-36,458.62749025156813
396,009,37,009-37,160.22350768094665
397,009,38,009-38,379.90482751683254
398,009,39,009-39,358.40813506368823
399,009,40,009-40,443.85320733038714
400,009,41,009-41,190.62168969660897
401,009,42,009-42,208.0795147544074
402,009,43,009-43,400.6586792318752
403,009,44,009-44,335.6539390355024
404,009,45,009-45,211.75343268998915
405,010,01,010-01,535.7993483754374
406,010,02,010-02,429.49147663031914
407,010,03,010-03,437.8091393988056
408,010,04,010-04,70.2951884188357
409,010,05,010-05,234.116607925884
410,010,06,010-06,78.65102363619386
411,010,07,010-07,73.91205623964203
412,010,08,010-08,170.25706613665594
413,010,09,010-09,273.3398241560534
414,010,10,010-10,85.63909468569837
415,010,11,010-11,206.2683551037184
416,010,12,010-12,105.24611825962188
417,010,13,010-13,86.18517701011251
418,010,14,010-14,74.11218989214494
419,010,15,010-15,235.02772132959086
420,010,16,010-16,84.51636944100296
421,010,17,010-17,115.66332185746184
422,010,18,010-18,241.06709169321067
423,010,19,010-19,565.0316090823195
424,010,20,010-20,215.60213271661124
425,010,21,010-21,220.36727191272587
426,010,22,010-22,158.5575038320099
427,010,23,010-23,143.7206932598066
428,010,24,010-24,516.5948417490016
429,010,25,010-25,137.60368126640105
430,010,26,010-26,130.72611426099425
431,010,27,010-27,68.71674712014594
432,010,28,010-28,124.585212548304
433,010,29,010-29,232.05547367560186
434,010,30,010-30,100.02538078444492
435,010,31,010-31,246.31897400770328
436,010,32,010-32,130.7335047338727
437,010,33,010-33,72.88314609304663
438,010,34,010-34,75.03577243670412
439,010,35,010-35,143.06541147523933
440,010,36,010-36,80.19480912010971
441,010,37,010-37,66.78425433343004
442,010,38,010-38,147.1407092112823
443,010,39,010-39,109.78878883552318
444,010,40,010-40,85.86797646268403
445,010,41,010-41,65.51037646225673
446,010,42,010-42,74.0636050198091
447,010,43,010-43,75.5984760716625
448,010,44,010-44,123.58802887595031
449,010,45,010-45,87.62787702103108
450,011,01,011-01,185.5682497877576
451,011,02,011-02,449.1572354749599
452,011,03,011-03,258.267117221768
453,011,04,011-04,190.0949250432598
454,011,05,011-05,514.5520947011975
455,011,06,011-06,469.543406476065
456,011,07,011-07,290.49567349684224
457,011,08,011-08,207.24010195053543
458,011,09,011-09,514.2988751085489
459,011,10,011-10,427.60922442554767
460,011,11,011-11,163.3506100593683
461,011,12,011-12,503.8575369205503
462,011,13,011-13,1803.8247776121727
463,011,14,011-14,203.26096180981426
464,011,15,011-15,1357.7625887826473
465,011,16,011-16,425.2360980678429
466,011,17,011-17,462.904067498243
467,011,18,011-18,192.3433268282044
468,011,19,011-19,168.19658071847448
469,011,20,011-20,1535.2775478652566
470,011,21,011-21,677.4344541170361
471,011,22,011-22,428.4141419401007
472,011,23,011-23,197.84162625597926
473,011,24,011-24,449.48214245416165
474,011,25,011-25,424.11980731680455
475,011,26,011-26,190.1401269787259
476,011,27,011-27,458.4209688265462
477,011,28,011-28,550.2242118811295
478,011,29,011-29,246.83392772439808
479,011,30,011-30,594.5123048174975
480,011,31,011-31,605.6312235833639
481,011,32,011-32,547.6523581540434
482,011,33,011-33,184.77788101161966
483,011,34,011-34,616.7552710255649
484,011,35,011-35,1304.0719295011158
485,011,36,011-36,171.98631110382976
486,011,37,011-37,508.01593606580957
487,011,38,011-38,434.76735490982793
488,011,39,011-39,532.0571046125211
489,011,40,011-40,224.1152504750455
490,011,41,011-41,185.01486006958913
491,011,42,011-42,236.5215166275808
492,011,43,011-43,214.79301726311422
493,011,44,011-44,1220.374337880694
494,011,45,011-45,218.09312559358
495,012,01,012-01,93.20880271186746
496,012,02,012-02,527.6103169275138
497,012,03,012-03,208.1762289631711
498,012,04,012-04,97.16697422676312
499,012,05,012-05,221.89131227227355
500,012,06,012-06,323.82903096814897
501,012,07,012-07,400.28058968658206
502,012,08,012-08,303.0554649407696
503,012,09,012-09,501.3178135072495
504,012,10,012-10,100.81567055340986
505,012,11,012-11,112.32450021376204
506,012,12,012-12,354.26529452912735
507,012,13,012-13,113.88570582926987
508,012,14,012-14,122.13614265479939
509,012,15,012-15,443.7682938102552
510,012,16,012-16,92.45780001524777
511,012,17,012-17,357.9509831900666
512,012,18,012-18,238.75526726969665
513,012,19,012-19,404.1166995161615
514,012,20,012-20,329.24299157011706
515,012,21,012-21,303.06524923409955
516,012,22,012-22,137.43590121701953
517,012,23,012-23,89.14660088303523
518,012,24,012-24,111.629409496392
519,012,25,012-25,97.78682117942625
520,012,26,012-26,113.25570933602312
521,012,27,012-27,530.689348249528
522,012,28,012-28,485.00311477056334
523,012,29,012-29,325.4102307192505
524,012,30,012-30,105.01941336870767
525,012,31,012-31,101.75722005213113
526,012,32,012-32,254.1109967260941
527,012,33,012-33,113.16256911138198
528,012,34,012-34,326.82783313244096
529,012,35,012-35,355.0215423736204
530,012,36,012-36,98.43293269629655
531,012,37,012-37,216.53241644651268
532,012,38,012-38,102.32113584451845
533,012,39,012-39,109.78898673490787
534,012,40,012-40,268.3221571993996
535,012,41,012-41,72.97445118850514
536,012,42,012-42,276.9707537080422
537,012,43,012-43,278.051730551874
538,012,44,012-44,96.631874026246
539,012,45,012-45,355.22378363726
540,013,01,013-01,295.34648465964005
541,013,02,013-02,117.0797150970159
542,013,03,013-03,95.39676227211325
543,013,04,013-04,127.15766282188142
544,013,05,013-05,146.8067209485981
545,013,06,013-06,266.32500181120093
546,013,07,013-07,283.4479731515893
547,013,08,013-08,94.79256946314653
548,013,09,013-09,175.04805325042022
549,013,10,013-10,142.32814803567751
550,013,11,013-11,288.6604883477167
551,013,12,013-12,179.31766607959776
552,013,13,013-13,156.8007975293434
553,013,14,013-14,141.14499401168743
554,013,15,013-15,115.30132358850072
555,013,16,013-16,216.66903612535017
556,013,17,013-17,256.47522470446853
557,013,18,013-18,311.4783127968148
558,013,19,013-19,210.4110101171447
559,013,20,013-20,358.7223507297078
560,013,21,013-21,229.66113449510297
561,013,22,013-22,114.83213040044762
562,013,23,013-23,583.082584210338
563,013,24,013-24,182.1398531636252
564,013,25,013-25,443.04966685162503
565,013,26,013-26,218.1962608731444
566,013,27,013-27,253.0274639250722
567,013,28,013-28,219.4563785241965
568,013,29,013-29,119.56951761112244
569,013,30,013-30,217.2065202123843
570,013,31,013-31,132.6564389761949
571,013,32,013-32,290.49197300446826
572,013,33,013-33,170.83925987340018
573,013,34,013-34,523.5229086907948
574,013,35,013-35,225.66951950908106
575,013,36,013-36,281.6295239612524
576,013,37,013-37,400.10294853521174
577,013,38,013-38,139.27436353536524
578,013,39,013-39,130.59676068760533
579,013,40,013-40,127.13445347885053
580,013,41,013-41,484.4165373092966
581,013,42,013-42,151.49076953537892
582,013,43,013-43,121.67285911891771
583,013,44,013-44,132.86591433701852
584,013,45,013-45,127.74379588663791
585,014,01,014-01,226.15395482049564
586,014,02,014-02,195.600854239697
587,014,03,014-03,207.08061289620912
588,014,04,014-04,184.37113627116318
589,014,05,014-05,233.6550317488426
590,014,06,014-06,350.4950529642653
591,014,07,014-07,200.8303238013397
592,014,08,014-08,687.4802483918062
593,014,09,014-09,423.01037990116737
594,014,10,014-10,392.13833763839244
595,014,11,014-11,543.1986166238785
596,014,12,014-12,625.5380576114975
597,014,13,014-13,403.40387990077295
598,014,14,014-14,423.06466652618604
599,014,15,014-15,506.6639350760206
600,014,16,014-16,514.7566425842361
601,014,17,014-17,199.8876881764604
602,014,18,014-18,170.99750787643782
603,014,19,014-19,264.2217470029129
604,014,20,014-20,178.76671659332854
605,014,21,014-21,492.90847379809287
606,014,22,014-22,323.8449623202476
607,014,23,014-23,330.26477388745843
608,014,24,014-24,267.61498841899765
609,014,25,014-25,315.1366881583509
610,014,26,014-26,191.6516294525217
611,014,27,014-27,168.82334467067037
612,014,28,014-28,381.14543859547024
613,014,29,014-29,359.9195523358895
614,014,30,014-30,431.2163873174727
615,014,31,014-31,365.3506283964678
616,014,32,014-32,249.50142118397403
617,014,33,014-33,238.24684053710453
618,014,34,014-34,315.2977246981481
619,014,35,014-35,637.0008949167366
620,014,36,014-36,579.340650626903
621,014,37,014-37,347.1342650674095
622,014,38,014-38,191.0582203494569
623,014,39,014-39,224.45160419732963
624,014,40,014-40,360.27721000214854
625,014,41,014-41,440.33831136822727
626,014,42,014-42,191.56141125762494
627,014,43,014-43,184.6758449921017
628,014,44,014-44,355.53003558186464
629,014,45,014-45,292.46989646311636
630,015,01,015-01,198.43601603120655
631,015,02,015-02,136.68687458579302
632,015,03,015-03,179.97557140162778
633,015,04,015-04,127.69818189106267
634,015,05,015-05,174.85126187692984
635,015,06,015-06,94.82557151255898
636,015,07,015-07,78.45861248996225
637,015,08,015-08,124.95359457018864
638,015,09,015-09,123.95537548915475
639,015,10,015-10,176.6291654928552
640,015,11,015-11,93.7599892377158
641,015,12,015-12,119.3334200194706
642,015,13,015-13,145.16906862248385
643,015,14,015-14,128.11570087469946
644,015,15,015-15,128.44512732586065
645,015,16,015-16,103.76279118859911
646,015,17,015-17,162.4312504085483
647,015,18,015-18,117.41349529908088
648,015,19,015-19,112.95368636084845
649,015,20,015-20,171.10231348790018
650,015,21,015-21,199.82778706549192
651,015,22,015-22,175.94947582836096
652,015,23,015-23,132.64152936370292
653,015,24,015-24,92.3481256256706
654,015,25,015-25,130.83428852974774
655,015,26,015-26,99.20738751113086
656,015,27,015-27,135.6050062240226
657,015,28,015-28,162.31412961276033
658,015,29,015-29,235.30670178759377
659,015,30,015-30,151.51302198218173
660,015,31,015-31,289.8095025063023
661,015,32,015-32,109.62612080369082
662,015,33,015-33,287.80559856850675
663,015,34,015-34,108.28636491610222
664,015,35,015-35,105.7693726158251
665,015,36,015-36,202.78480181122168
666,015,37,015-37,90.45709015389004
667,015,38,015-38,116.64273750938443
668,015,39,015-39,156.71415214093994
669,015,40,015-40,248.30140376446533
670,015,41,015-41,79.324645134988
671,015,42,015-42,99.35443694263768
672,015,43,015-43,156.02717605010756
673,015,44,015-44,259.59598488414764
674,015,45,015-45,142.39134163411663
675,016,01,016-01,29.83593783693621
676,016,02,016-02,29.768921008101398
677,016,03,016-03,31.985075512613115
678,016,04,016-04,49.614830588530815
679,016,05,016-05,31.699144767022517
680,016,06,016-06,19.08902059554554
681,016,07,016-07,24.68838334046843
682,016,08,016-08,32.65023047875107
683,016,09,016-09,19.774049772795546
684,016,10,016-10,18.09139096659156
685,016,11,016-11,20.125492844093827
686,016,12,016-12,17.718690336067695
687,016,13,016-13,22.275560966692602
688,016,14,016-14,66.70764507692923
689,016,15,016-15,26.236159543156376
690,016,16,016-16,26.226061006558144
691,016,17,016-17,18.85222842815058
692,016,18,016-18,28.29357684159659
693,016,19,016-19,39.495689572344
694,016,20,016-20,42.408329501418336
695,016,21,016-21,21.993925951125785
696,016,22,016-22,21.70592542452281
697,016,23,016-23,20.864521746050205
698,016,24,016-24,34.74918194445818
699,016,25,016-25,35.380237756431264
700,016,26,016-26,37.37710588497554
701,016,27,016-27,31.00634220073927
702,016,28,016-28,24.904241708122537
703,016,29,016-29,23.12473591858497
704,016,30,016-30,35.85461855350776
705,016,31,016-31,24.63208605117245
706,016,32,016-32,46.967339784308855
707,016,33,016-33,17.25339682199727
708,016,34,016-34,63.30322701374196
709,016,35,016-35,22.77920830324417
710,016,36,016-36,27.004296149563984
711,016,37,016-37,22.222784644284463
712,016,38,016-38,28.83585978998598
713,016,39,016-39,32.20635804507791
714,016,40,016-40,26.573334721053932
715,016,41,016-41,37.26116524634846
716,016,42,016-42,33.952985709508475
717,016,43,016-43,31.908957743017005
718,016,44,016-44,20.663322733718786
719,016,45,016-45,21.985721495774357
720,017,01,017-01,22.033135181718055
721,017,02,017-02,16.772479654050056
722,017,03,017-03,24.194401532407475
723,017,04,017-04,27.214975427875324
724,017,05,017-05,41.01972768096946
725,017,06,017-06,24.51502596731928
726,017,07,017-07,53.95724261797244
727,017,08,017-08,44.916713700790766
728,017,09,017-09,25.652487194762656
729,017,10,017-10,23.217431028607585
730,017,11,017-11,60.88884410158386
731,017,12,017-12,116.85258080502807
732,017,13,017-13,29.195495594605315
733,017,14,017-14,19.00013605250588
734,017,15,017-15,23.758213190673953
735,017,16,017-16,54.78356549181754
736,017,17,017-17,18.812377535838063
737,017,18,017-18,34.973006161905175
738,017,19,017-19,89.10073508422288
739,017,20,017-20,18.500964202819958
740,017,21,017-21,45.7981423010193
741,017,22,017-22,32.222863237571225
742,017,23,017-23,24.577388344832432
743,017,24,017-24,23.65502959481141
744,017,25,017-25,49.62571535119566
745,017,26,017-26,39.45199772811861
746,017,27,017-27,22.01503099367375
747,017,28,017-28,23.46068809120695
748,017,29,017-29,17.068294668992337
749,017,30,017-30,38.21297526585849
750,017,31,017-31,34.14420473615556
751,017,32,017-32,25.96042391770633
752,017,33,017-33,50.93123072408624
753,017,34,017-34,62.56269288181335
754,017,35,017-35,59.57157990344487
755,017,36,017-36,59.40099192122336
756,017,37,017-37,25.84935869835599
757,017,38,017-38,20.722341932496533
758,017,39,017-39,19.69822261756896
759,017,40,017-40,47.15168960370077
760,017,41,017-41,39.747217768049616
761,017,42,017-42,35.47287066290875
762,017,43,017-43,71.49841858589862
763,017,44,017-44,24.41859473819422
764,017,45,017-45,17.67847196511562
765,018,01,018-01,275.51929802432903
766,018,02,018-02,184.35952147313733
767,018,03,018-03,101.05238420636134
768,018,04,018-04,280.09183381689985
769,018,05,018-05,86.415118422774
770,018,06,018-06,160.27877320989526
771,018,07,018-07,86.11617820809943
772,018,08,018-08,285.11010096322116
773,018,09,018-09,231.27464448328254
774,018,10,018-10,172.97657095625192
775,018,11,018-11,262.2580828654143
776,018,12,018-12,229.6905055763447
777,018,13,018-13,129.59390968539458
778,018,14,018-14,218.13853919987926
779,018,15,018-15,264.45894008353105
780,018,16,018-16,101.04130262744344
781,018,17,018-17,123.80172881473985
782,018,18,018-18,98.71364536313105
783,018,19,018-19,324.16400492899817
784,018,20,018-20,251.17526680783064
785,018,21,018-21,112.30839665910287
786,018,22,018-22,254.82532794712776
787,018,23,018-23,152.2516266256983
788,018,24,018-24,205.3261027686841
789,018,25,018-25,222.58911321674293
790,018,26,018-26,192.87940513447887
791,018,27,018-27,210.7888523582283
792,018,28,018-28,79.69416158594696
793,018,29,018-29,132.10274050101566
794,018,30,018-30,119.86659830369412
795,018,31,018-31,90.68210714852515
796,018,32,018-32,282.2265051757351
797,018,33,018-33,127.93143814207667
798,018,34,018-34,104.33583246276542
799,018,35,018-35,314.94396887852025
800,018,36,018-36,140.69427082044103
801,018,37,018-37,176.56569223502098
802,018,38,018-38,152.72025285417422
803,018,39,018-39,211.31911524444058
804,018,40,018-40,242.3619289954683
805,018,41,018-41,111.74585226522659
806,018,42,018-42,127.39335096035597
807,018,43,018-43,309.56994259207494
808,018,44,018-44,220.3676771273334
809,018,45,018-45,223.90297226669801
810,019,01,019-01,195.21598747778845
811,019,02,019-02,85.78412170644303
812,019,03,019-03,102.43770722400411
813,019,04,019-04,159.77581131903352
814,019,05,019-05,183.5938585604882
815,019,06,019-06,71.79966609252773
816,019,07,019-07,82.20376254275921
817,019,08,019-08,64.79422866039043
818,019,09,019-09,200.14513837168047
819,019,10,019-10,88.16780259324875
820,019,11,019-11,156.1977200821914
821,019,12,019-12,217.99373871567627
822,019,13,019-13,154.80623607518757
823,019,14,019-14,170.95105964577263
824,019,15,019-15,180.5660145271965
825,019,16,019-16,209.31052006730837
826,019,17,019-17,191.58641795205486
827,019,18,019-18,149.40141439299464
828,019,19,019-19,168.92037581367234
829,019,20,019-20,84.39829869028819
830,019,21,019-21,87.2673639357392
831,019,22,019-22,96.79487089776742
832,019,23,019-23,192.19905144166935
833,019,24,019-24,73.99239772119445
834,019,25,019-25,79.2044245563564
835,019,26,019-26,169.62605922434633
836,019,27,019-27,159.8759247250932
837,019,28,019-28,195.78787562618757
838,019,29,019-29,72.21326590633116
839,019,30,019-30,156.10454944434048
840,019,31,019-31,78.65944733284921
841,019,32,019-32,72.68656257845642
842,019,33,019-33,88.89758526871574
843,019,34,019-34,81.41658116720156
844,019,35,019-35,167.92931411382085
845,019,36,019-36,80.32528223305192
846,019,37,019-37,91.0228821008089
847,019,38,019-38,156.66078069532804
848,019,39,019-39,204.30861780100804
849,019,40,019-40,101.1227213522062
850,019,41,019-41,68.79047607151814
851,019,42,019-42,186.1132695250364
852,019,43,019-43,161.05640085416724
853,019,44,019-44,195.60413491329413
854,019,45,019-45,169.69297001468513
855,020,01,020-01,336.85356836089977
856,020,02,020-02,222.80574520908223
857,020,03,020-03,295.5667039361091
858,020,04,020-04,167.49499105865146
859,020,05,020-05,125.31364545132982
860,020,06,020-06,310.26584869789536
861,020,07,020-07,376.89965300444464
862,020,08,020-08,141.3602931072663
863,020,09,020-09,315.3335118315903
864,020,10,020-10,308.25561437436187
865,020,11,020-11,204.6766252991398
866,020,12,020-12,328.85416236479125
867,020,13,020-13,255.84715685038435
868,020,14,020-14,215.746752589523
869,020,15,020-15,151.9995355650185
870,020,16,020-16,479.203993181012
871,020,17,020-17,208.26936352716444
872,020,18,020-18,148.42102527967464
873,020,19,020-19,146.00661813222436
874,020,20,020-20,184.94900680832907
875,020,21,020-21,264.6345144660383
876,020,22,020-22,179.14616473807334
877,020,23,020-23,333.85952870362433
878,020,24,020-24,251.17363202945543
879,020,25,020-25,209.88355840951274
880,020,26,020-26,218.55885721827767
881,020,27,020-27,203.97358474793248
882,020,28,020-28,182.95984635465106
883,020,29,020-29,153.13752269100195
884,020,30,020-30,260.92242852465085
885,020,31,020-31,176.01462067991994
886,020,32,020-32,147.31040414251294
887,020,33,020-33,151.5663354257951
888,020,34,020-34,291.50551574728075
889,020,35,020-35,290.71469109886056
890,020,36,020-36,122.4853878163765
891,020,37,020-37,207.1266741694514
892,020,38,020-38,141.55568693584536
893,020,39,020-39,137.6306102280599
894,020,40,020-40,168.0502796722707
895,020,41,020-41,166.13503819234742
896,020,42,020-42,220.85554890807154
897,020,43,020-43,287.55263558827323
898,020,44,020-44,163.85242427743447
899,020,45,020-45,302.8031649523466
900,021,01,021-01,85.54334669620451
901,021,02,021-02,100.73102098182777
902,021,03,021-03,42.132177373043
903,021,04,021-04,172.01788079355177
904,021,05,021-05,37.56943363353138
905,021,06,021-06,81.01190056129894
906,021,07,021-07,241.02194892171732
907,021,08,021-08,161.63888358009316
908,021,09,021-09,46.8862057127239
909,021,10,021-10,52.36236612263512
910,021,11,021-11,99.17178921543906
911,021,12,021-12,118.07116024607056
912,021,13,021-13,97.04392978560664
913,021,14,021-14,130.35460824120352
914,021,15,021-15,99.97302167377651
915,021,16,021-16,49.916316208439135
916,021,17,021-17,36.95633393136207
917,021,18,021-18,51.728043845775616
918,021,19,021-19,134.95178618283686
919,021,20,021-20,53.97708716614359
920,021,21,021-21,38.51636225360578
921,021,22,021-22,38.19485612879591
922,021,23,021-23,107.39635407998819
923,021,24,021-24,36.33435980836483
924,021,25,021-25,87.69932889799455
925,021,26,021-26,122.63225700524781
926,021,27,021-27,45.02667415236901
927,021,28,021-28,128.21644329735977
928,021,29,021-29,52.204331629801025
929,021,30,021-30,42.95262102568116
930,021,31,021-31,86.9255298810031
931,021,32,021-32,91.74245020450006
932,021,33,021-33,44.277577454065586
933,021,34,021-34,110.22285108610767
934,021,35,021-35,50.34015594529928
935,021,36,021-36,74.6605333129366
936,021,37,021-37,91.10979336807752
937,021,38,021-38,39.78245030761439
938,021,39,021-39,123.38928811290472
939,021,40,021-40,147.00299248783355
940,021,41,021-41,105.89278449665066
941,021,42,021-42,151.761611019486
942,021,43,021-43,92.92188434793228
943,021,44,021-44,34.315312124485686
944,021,45,021-45,44.76184863527126
945,022,01,022-01,73.33388356749236
946,022,02,022-02,45.790897266855616
947,022,03,022-03,59.151848117516714
948,022,04,022-04,48.47375851324279
949,022,05,022-05,29.92163644237062
950,022,06,022-06,42.14346466049554
951,022,07,022-07,27.823521768349295
952,022,08,022-08,24.006054470304363
953,022,09,022-09,91.29174839400476
954,022,10,022-10,52.5139017147784
955,022,11,022-11,28.033808482412734
956,022,12,022-12,28.368474633545482
957,022,13,022-13,66.01483351848682
958,022,14,022-14,42.761091608290094
959,022,15,022-15,29.8116362042536
960,022,16,022-16,102.45662037344503
961,022,17,022-17,39.388279320084344
962,022,18,022-18,60.82094279898039
963,022,19,022-19,79.14248373805358
964,022,20,022-20,29.103249554950935
965,022,21,022-21,24.720666662078425
966,022,22,022-22,50.9120402755997
967,022,23,022-23,51.00269402183126
968,022,24,022-24,28.935883046061544
969,022,25,022-25,95.83245818877862
970,022,26,022-26,80.55513150841982
971,022,27,022-27,68.9377009811671
972,022,28,022-28,54.54501182643241
973,022,29,022-29,58.17343174105111
974,022,30,022-30,33.44436576898781
975,022,31,022-31,26.163893328864166
976,022,32,022-32,45.63344981817371
977,022,33,022-33,73.19558296940224
978,022,34,022-34,37.0185473042763
979,022,35,022-35,39.174147224881004
980,022,36,022-36,58.363152633037295
981,022,37,022-37,23.931152019830034
982,022,38,022-38,74.3901711419635
983,022,39,022-39,23.958043418968373
984,022,40,022-40,47.51111153623076
985,022,41,022-41,36.18777375605587
986,022,42,022-42,23.700409982616996
987,022,43,022-43,44.57329662101795
988,022,44,022-44,93.90735490884302
989,022,45,022-45,32.330093430666636
990,023,01,023-01,87.29454176487064
991,023,02,023-02,92.98932783786391
992,023,03,023-03,101.73034678022991
993,023,04,023-04,199.3371715889001
994,023,05,023-05,37.02432640001395
995,023,06,023-06,70.89621383029767
996,023,07,023-07,21.90442874065166
997,023,08,023-08,75.99853500703571
998,023,09,023-09,31.56125970123242
999,023,10,023-10,24.3641477084984
1000,023,11,023-11,33.86237587452195
1001,023,12,023-12,77.60399373390274
1002,023,13,023-13,28.179944139606636
1003,023,14,023-14,110.10795353330649
1004,023,15,023-15,104.51231271648597
1005,023,16,023-16,109.6684308493324
1006,023,17,023-17,73.54629006970306
1007,023,18,023-18,26.55411572454531
1008,023,19,023-19,93.30756647933757
1009,023,20,023-20,210.14813951850783
1010,023,21,023-21,79.2647300358937
1011,023,22,023-22,72.0323699701774
1012,023,23,023-23,29.501012721463738
1013,023,24,023-24,35.22179536233
1014,023,25,023-25,70.5136499992493
1015,023,26,023-26,28.89938096600687
1016,023,27,023-27,69.76817244174333
1017,023,28,023-28,32.61203433038166
1018,023,29,023-29,96.12098522979265
1019,023,30,023-30,76.20248601945526
1020,023,31,023-31,37.80973366916288
1021,023,32,023-32,64.41719738139727
1022,023,33,023-33,36.900310355790175
1023,023,34,023-34,32.07070451862629
1024,023,35,023-35,79.96737484931806
1025,023,36,023-36,86.90692334567889
1026,023,37,023-37,67.35761898129073
1027,023,38,023-38,30.489037576080676
1028,023,39,023-39,34.50753931343069
1029,023,40,023-40,40.57156670631807
1030,023,41,023-41,75.75954447620708
1031,023,42,023-42,29.338631654978332
1032,023,43,023-43,39.35428453554193
1033,023,44,023-44,29.58811026883806
1034,023,45,023-45,109.9801328607218
1035,024,01,024-01,144.92087447484911
1036,024,02,024-02,82.86083226593053
1037,024,03,024-03,63.1792592267724
1038,024,04,024-04,130.4460012672954
1039,024,05,024-05,79.77246557371868
1040,024,06,024-06,135.22906238282465
1041,024,07,024-07,86.83550005362436
1042,024,08,024-08,216.82011810567272
1043,024,09,024-09,85.22012389581266
1044,024,10,024-10,70.62602512207235
1045,024,11,024-11,112.80043752495385
1046,024,12,024-12,170.82916327316383
1047,024,13,024-13,127.7535575593714
1048,024,14,024-14,78.59107121010963
1049,024,15,024-15,86.5354277627927
1050,024,16,024-16,129.5824774343228
1051,024,17,024-17,180.1798489500965
1052,024,18,024-18,100.19399965212676
1053,024,19,024-19,222.21737760041393
1054,024,20,024-20,182.56102960237467
1055,024,21,024-21,82.6098007820447
1056,024,22,024-22,81.85457243001495
1057,024,23,024-23,134.81510923627278
1058,024,24,024-24,70.11666194765587
1059,024,25,024-25,82.81547089060868
1060,024,26,024-26,237.29613187334664
1061,024,27,024-27,340.723203451999
1062,024,28,024-28,256.17594929768774
1063,024,29,024-29,114.90523002520658
1064,024,30,024-30,149.48631825809673
1065,024,31,024-31,85.83715803397189
1066,024,32,024-32,129.96758710132173
1067,024,33,024-33,188.97567171819168
1068,024,34,024-34,163.61847414837663
1069,024,35,024-35,238.91094097757858
1070,024,36,024-36,75.27284255401247
1071,024,37,024-37,177.0573638432182
1072,024,38,024-38,149.00903098607597
1073,024,39,024-39,129.93353569562464
1074,024,40,024-40,79.21252302363168
1075,024,41,024-41,311.73198183647673
1076,024,42,024-42,86.69477209498773
1077,024,43,024-43,72.34412985528736
1078,024,44,024-44,91.5876210916759
1079,024,45,024-45,273.0090193792908
1080,025,01,025-01,428.4487684502763
1081,025,02,025-02,227.11722844649336
1082,025,03,025-03,292.70916106940786
1083,025,04,025-04,194.69501251917862
1084,025,05,025-05,187.4897479084829
1085,025,06,025-06,308.7289998117103
1086,025,07,025-07,523.7846122905305
1087,025,08,025-08,329.5557590210979
1088,025,09,025-09,374.3528308207569
1089,025,10,025-10,452.15741286605527
1090,025,11,025-11,671.1158816922176
1091,025,12,025-12,176.78527270488456
1092,025,13,025-13,284.85568148524703
1093,025,14,025-14,586.0438243695168
1094,025,15,025-15,178.3636004812934
1095,025,16,025-16,460.06028957525825
1096,025,17,025-17,151.82276127341257
1097,025,18,025-18,415.91292486714013
1098,025,19,025-19,157.74681291386318
1099,025,20,025-20,187.01756857321885
1100,025,21,025-21,190.20418504087388
1101,025,22,025-22,310.63252847641314
1102,025,23,025-23,397.7127203115481
1103,025,24,025-24,177.77057091843193
1104,025,25,025-25,370.65902941414043
1105,025,26,025-26,349.5233818639259
1106,025,27,025-27,207.472111894964
1107,025,28,025-28,309.4051254045608
1108,025,29,025-29,169.38089400189895
1109,025,30,025-30,336.4954337726212
1110,025,31,025-31,312.05472821287856
1111,025,32,025-32,167.208786458429
1112,025,33,025-33,427.78600462561593
1113,025,34,025-34,160.88177873148953
1114,025,35,025-35,282.0947914346669
1115,025,36,025-36,220.1243658480162
1116,025,37,025-37,201.04065940415921
1117,025,38,025-38,177.2827219606372
1118,025,39,025-39,260.53343306191823
1119,025,40,025-40,200.69276797735338
1120,025,41,025-41,305.29971692449567
1121,025,42,025-42,491.4032696875847
1122,025,43,025-43,206.4343368948617
1123,025,44,025-44,350.9841767764288
1124,025,45,025-45,319.64856808133135
1125,026,01,026-01,246.34706312153907
1126,026,02,026-02,268.11042299572915
1127,026,03,026-03,434.0466049959787
1128,026,04,026-04,506.92802082132516
1129,026,05,026-05,411.7846716975381
1130,026,06,026-06,237.71296506445512
1131,026,07,026-07,223.88600108722682
1132,026,08,026-08,489.764766302382
1133,026,09,026-09,268.0554588972078
1134,026,10,026-10,194.94016409909935
1135,026,11,026-11,388.32194896440575
1136,026,12,026-12,561.1032679179797
1137,026,13,026-13,266.3219493568699
1138,026,14,026-14,273.94869778445405
1139,026,15,026-15,260.0571672087587
1140,026,16,026-16,357.2483417885192
1141,026,17,026-17,467.53424878435663
1142,026,18,026-18,512.9170686568006
1143,026,19,026-19,520.2232884871262
1144,026,20,026-20,401.68875137927745
1145,026,21,026-21,515.9588734316224
1146,026,22,026-22,206.66336943389774
1147,026,23,026-23,274.84887857068276
1148,026,24,026-24,237.13130241155136
1149,026,25,026-25,189.78568068995307
1150,026,26,026-26,494.14577958543435
1151,026,27,026-27,573.5602620107518
1152,026,28,026-28,254.9492955360414
1153,026,29,026-29,252.38142450680536
1154,026,30,026-30,294.46622743966174
1155,026,31,026-31,575.319684277192
1156,026,32,026-32,576.0471001482928
1157,026,33,026-33,276.02808809862347
1158,026,34,026-34,690.0407801060719
1159,026,35,026-35,479.9085550012705
1160,026,36,026-36,515.6952051192878
1161,026,37,026-37,464.28137796053636
1162,026,38,026-38,286.2475934942723
1163,026,39,026-39,408.7051336682266
1164,026,40,026-40,307.2390442440923
1165,026,41,026-41,410.03982150338044
1166,026,42,026-42,517.3179413345265
1167,026,43,026-43,456.0302348600407
1168,026,44,026-44,224.37518919835898
1169,026,45,026-45,694.1173252342052
1170,027,01,027-01,100.6856393067986
1171,027,02,027-02,55.08468050155179
1172,027,03,027-03,90.46699352586994
1173,027,04,027-04,65.89212565543683
1174,027,05,027-05,139.5418597822815
1175,027,06,027-06,84.1851634569291
1176,027,07,027-07,110.03273589864791
1177,027,08,027-08,70.16975955012242
1178,027,09,027-09,60.93197616904672
1179,027,10,027-10,57.712181419258975
1180,027,11,027-11,75.93027848844014
1181,027,12,027-12,66.28913892961236
1182,027,13,027-13,66.10954130159408
1183,027,14,027-14,81.7390376771422
1184,027,15,027-15,56.84501248729365
1185,027,16,027-16,50.78210611980038
1186,027,17,027-17,59.892113781617084
1187,027,18,027-18,64.41869834278486
1188,027,19,027-19,65.09193098844403
1189,027,20,027-20,83.93196143051605
1190,027,21,027-21,85.97149706174822
1191,027,22,027-22,48.761007127467984
1192,027,23,027-23,224.7252334349341
1193,027,24,027-24,62.53360038630797
1194,027,25,027-25,65.73007781057564
1195,027,26,027-26,65.79263413489102
1196,027,27,027-27,114.3681618663875
1197,027,28,027-28,116.10730717510424
1198,027,29,027-29,59.325543998485735
1199,027,30,027-30,55.36102000708264
1200,027,31,027-31,55.9730799215026
1201,027,32,027-32,110.37950613924122
1202,027,33,027-33,112.95019385079505
1203,027,34,027-34,83.50337538442182
1204,027,35,027-35,68.2191044003811
1205,027,36,027-36,51.73854345116064
1206,027,37,027-37,62.86299774984529
1207,027,38,027-38,79.10730738694619
1208,027,39,027-39,53.43032827201911
1209,027,40,027-40,87.76010894757526
1210,027,41,027-41,62.696965425665475
1211,027,42,027-42,61.98069223718776
1212,027,43,027-43,47.37452551579391
1213,027,44,027-44,63.93214446173716
1214,027,45,027-45,60.94962651674697
1215,028,01,028-01,82.41315478338554
1216,028,02,028-02,191.92665099342494
1217,028,03,028-03,101.72272104347564
1218,028,04,028-04,54.46505381579258
1219,028,05,028-05,50.14876001095077
1220,028,06,028-06,110.63993751550414
1221,028,07,028-07,154.4669353008088
1222,028,08,028-08,93.65038602295037
1223,028,09,028-09,47.08341237678508
1224,028,10,028-10,56.285539155191245
1225,028,11,028-11,146.98643065063928
1226,028,12,028-12,52.35618875892678
1227,028,13,028-13,173.42487991642298
1228,028,14,028-14,195.83649718299742
1229,028,15,028-15,179.97976534743228
1230,028,16,028-16,112.14318175964478
1231,028,17,028-17,51.67610774559663
1232,028,18,028-18,106.963715769348
1233,028,19,028-19,57.434976660787015
1234,028,20,028-20,197.23427314285468
1235,028,21,028-21,67.79107002464772
1236,028,22,028-22,115.4379004908129
1237,028,23,028-23,141.57443927529926
1238,028,24,028-24,66.31902162622131
1239,028,25,028-25,93.332771553338
1240,028,26,028-26,313.8864248970636
1241,028,27,028-27,53.72874726700629
1242,028,28,028-28,120.7351133880225
1243,028,29,028-29,102.48732978687067
1244,028,30,028-30,48.82377072982289
1245,028,31,028-31,58.31697720857183
1246,028,32,028-32,53.712582792342225
1247,028,33,028-33,158.99259083999647
1248,028,34,028-34,62.5249650149535
1249,028,35,028-35,181.17915340683393
1250,028,36,028-36,56.746014886097655
1251,028,37,028-37,111.1029696733832
1252,028,38,028-38,48.901917086180795
1253,028,39,028-39,147.76946811201705
1254,028,40,028-40,53.83931603941266
1255,028,41,028-41,71.14456791814283
1256,028,42,028-42,135.4678707628508
1257,028,43,028-43,177.1791571787776
1258,028,44,028-44,171.78767874989865
1259,028,45,028-45,60.4344255602791
1260,029,01,029-01,40.0064967463077
1261,029,02,029-02,26.653375356611445
1262,029,03,029-03,38.34627017851119
1263,029,04,029-04,42.796732847069286
1264,029,05,029-05,25.53899574611689
1265,029,06,029-06,44.9275322937139
1266,029,07,029-07,49.70756912266986
1267,029,08,029-08,35.169162696103
1268,029,09,029-09,34.99966091945805
1269,029,10,029-10,31.412348981961266
1270,029,11,029-11,28.090569196592874
1271,029,12,029-12,35.79097644482843
1272,029,13,029-13,43.29715413655087
1273,029,14,029-14,27.682451956476502
1274,029,15,029-15,37.223780777470104
1275,029,16,029-16,33.42202124048321
1276,029,17,029-17,26.517820527829446
1277,029,18,029-18,39.379088800716836
1278,029,19,029-19,43.01285270453629
1279,029,20,029-20,47.610816462465806
1280,029,21,029-21,25.207104342898614
1281,029,22,029-22,33.82707622019022
1282,029,23,029-23,25.23490156318202
1283,029,24,029-24,19.56197708055873
1284,029,25,029-25,53.965139160444146
1285,029,26,029-26,23.226430409489904
1286,029,27,029-27,32.529406250549314
1287,029,28,029-28,37.31338704494308
1288,029,29,029-29,23.755760547181307
1289,029,30,029-30,24.792780740281792
1290,029,31,029-31,33.441334314422726
1291,029,32,029-32,39.64337436723917
1292,029,33,029-33,26.547084343654472
1293,029,34,029-34,26.97542209803239
1294,029,35,029-35,45.73985069715407
1295,029,36,029-36,24.91547912987968
1296,029,37,029-37,32.413411559368065
1297,029,38,029-38,31.802417158149325
1298,029,39,029-39,31.808379846271666
1299,029,40,029-40,23.8611353808413
1300,029,41,029-41,40.40479149661474
1301,029,42,029-42,29.873258035550116
1302,029,43,029-43,23.718882951652052
1303,029,44,029-44,33.39668185342857
1304,029,45,029-45,47.73926530168721
1305,030,01,030-01,280.2434328909156
1306,030,02,030-02,278.80591885303807
1307,030,03,030-03,102.7177876259275
1308,030,04,030-04,367.5434852431785
1309,030,05,030-05,133.40050813489069
1310,030,06,030-06,110.3387218231557
1311,030,07,030-07,108.17553624225954
1312,030,08,030-08,224.33538141240325
1313,030,09,030-09,143.33761131294594
1314,030,10,030-10,254.8643149863005
1315,030,11,030-11,362.71119031260685
1316,030,12,030-12,444.07300604701106
1317,030,13,030-13,277.8758685260702
1318,030,14,030-14,95.19639546961042
1319,030,15,030-15,292.5486159163338
1320,030,16,030-16,358.57996106308013
1321,030,17,030-17,216.4461413985125
1322,030,18,030-18,103.00882432599585
1323,030,19,030-19,164.7293971113729
1324,030,20,030-20,135.85521021440954
1325,030,21,030-21,435.2247214807665
1326,030,22,030-22,112.56878098586306
1327,030,23,030-23,252.48152205492198
1328,030,24,030-24,278.6374517090135
1329,030,25,030-25,134.89419688806908
1330,030,26,030-26,204.8220544109527
1331,030,27,030-27,115.1649671736718
1332,030,28,030-28,326.56454843788333
1333,030,29,030-29,140.2157214921938
1334,030,30,030-30,253.60339562551093
1335,030,31,030-31,342.54139134912975
1336,030,32,030-32,277.2213221067086
1337,030,33,030-33,158.04277371420287
1338,030,34,030-34,96.02325361028412
1339,030,35,030-35,345.7908230865036
1340,030,36,030-36,111.34201113314656
1341,030,37,030-37,447.3638298489165
1342,030,38,030-38,253.25930443693494
1343,030,39,030-39,134.29930529727477
1344,030,40,030-40,264.53135684935904
1345,030,41,030-41,256.09591515579586
1346,030,42,030-42,351.13844946890345
1347,030,43,030-43,136.58483112534708
1348,030,44,030-44,106.91831270026816
1349,030,45,030-45,113.89245185800971
